id,first_name,last_name,Username,Phone_Number,City,Country,Country_Code
1,Jena,Charrier,jcharrier0,+1 681 423 2422,Saint-Augustin,Canada,CA
2,Shay,Lethieulier,slethieulier1,+46 264 707 3082,Vetlanda,Sweden,SE
3,Edan,Borland,eborland2,+55 308 448 7890,Diamantina,Brazil,BR
4,Paulie,Adacot,padacot3,+86 217 793 0380,Miaogou,China,CN
5,Gretchen,Mathan,gmathan4,+33 400 114 0931,Vitry-sur-Seine,France,FR
6,Harald,Monkman,hmonkman5,+86 942 768 0651,Jiekou,China,CN
7,Faunie,Mocquer,fmocquer6,+86 512 928 5524,Jiachuan,China,CN
8,Caritta,Butson,cbutson7,+86 296 220 5559,Zhendeqiao,China,CN
9,Rikki,Hanscome,rhanscome8,+55 358 481 1823,Marília,Brazil,BR
10,Jolie,Kryszkiecicz,jkryszkiecicz9,+86 784 497 9862,Gedian,China,CN
11,Leeanne,Dunniom,ldunnioma,+86 251 773 4649,Hongjiazui,China,CN
12,Lewie,Mueller,lmuellerb,+7 966 405 5232,Yartsevo,Russia,RU
13,Giffer,Buche,gbuchec,+55 309 445 2571,Cruz Alta,Brazil,BR
14,Robina,Barendtsen,rbarendtsend,+55 769 825 1733,Igarapé Miri,Brazil,BR
15,Morganica,Hanster,mhanstere,+33 654 264 1748,Neuilly-sur-Seine,France,FR
16,Rolf,Bosward,rboswardf,+86 630 444 2026,Dongdai,China,CN
17,Merrile,Basile,mbasileg,+86 159 127 2484,Liuhao,China,CN
18,Hinze,Tellwright,htellwrighth,+86 835 927 1841,Futu,China,CN
19,Charmaine,Garey,cgareyi,+86 544 738 8668,Dalongtan,China,CN
20,Mellie,Spohrmann,mspohrmannj,+46 404 961 2427,Oxelösund,Sweden,SE
21,Merrilee,Topliss,mtoplissk,+1 318 368 2194,Shreveport,United States,US
22,Jessi,Slowgrove,jslowgrovel,+55 336 230 3683,Coxim,Brazil,BR
23,Donny,Hayen,dhayenm,+33 415 161 7061,Montauban,France,FR
24,Kip,Kowalski,kkowalskin,+86 818 379 7789,Youyun,China,CN
25,Tamarra,Ruckert,truckerto,+46 510 429 2070,Åby,Sweden,SE
26,Meggy,Leifer,mleiferp,+86 433 195 4208,Meishan,China,CN
27,Christa,Dillaway,cdillawayq,+7 815 269 6457,Shalinskoye,Russia,RU
28,Chase,Wilgar,cwilgarr,+86 692 784 1154,Taoyuan,China,CN
29,Pavla,Duchan,pduchans,+86 764 906 3548,Dawang,China,CN
30,Wilona,Nisco,wniscot,+86 604 205 9053,Zhongfan,China,CN
31,Alleyn,Romke,aromkeu,+86 366 892 8576,Toubao,China,CN
32,Blithe,Clark,bclarkv,+1 714 134 8810,Fullerton,United States,US
33,Milena,Gehrtz,mgehrtzw,+86 237 428 9596,Yuandianhui,China,CN
34,Reynold,Lindbergh,rlindberghx,+46 161 278 6563,Örnsköldsvik,Sweden,SE
35,Orton,Codrington,ocodringtony,+86 822 934 8878,Ganfang,China,CN
36,Crysta,Tuckett,ctuckettz,+7 878 996 6160,Uvarovka,Russia,RU
37,Delmer,Caddan,dcaddan10,+86 770 179 0304,Wuxiang,China,CN
38,Adrianna,McCrann,amccrann11,+86 638 418 2453,Binhailu,China,CN
39,Perle,Gumme,pgumme12,+33 192 895 4793,Le Havre,France,FR
40,Brooks,Goble,bgoble13,+33 264 896 2045,Avallon,France,FR
41,David,Leppingwell,dleppingwell14,+86 402 555 2762,Xiongji,China,CN
42,Celina,Neeves,cneeves15,+7 699 437 3472,Gorbunki,Russia,RU
43,Salome,MacKnocker,smacknocker16,+33 527 738 4240,Bressuire,France,FR
44,Davida,Yurchenko,dyurchenko17,+86 745 210 0206,Huabeitun,China,CN
45,Marietta,Treble,mtreble18,+27 908 427 6783,Messina,South Africa,ZA
46,Alwin,Dadge,adadge19,+86 266 596 2523,Samdo,China,CN
47,Barnebas,Bertelsen,bbertelsen1a,+86 589 988 1375,Poyang,China,CN
48,Harry,Spittles,hspittles1b,+7 764 761 0182,Dobryanka,Russia,RU
49,Darren,Burgane,dburgane1c,+7 260 318 4201,Shchukino,Russia,RU
50,Brenden,Ditter,bditter1d,+86 987 576 9691,Nancaicun,China,CN
51,Sybille,Raisbeck,sraisbeck1e,+86 727 387 6347,Wangren,China,CN
52,Alvis,Cruise,acruise1f,+1 512 374 0036,Austin,United States,US
53,Nyssa,Scarf,nscarf1g,+86 848 469 1425,Huolongping,China,CN
54,Heidie,Goodinson,hgoodinson1h,+46 663 626 9566,Falun,Sweden,SE
55,Wilmer,Le Pruvost,wlepruvost1i,+7 616 292 2648,Podkumskiy,Russia,RU
56,Riva,Luno,rluno1j,+7 395 229 6220,Zhulebino,Russia,RU
57,Salaidh,Beacom,sbeacom1k,+86 820 805 4729,Sancha,China,CN
58,Tait,McGirr,tmcgirr1l,+46 308 232 4432,Gävle,Sweden,SE
59,Ilene,Cohane,icohane1m,+86 223 102 2373,Penghua,China,CN
60,Nerti,Manson,nmanson1n,+86 449 113 1498,Sandaoba,China,CN
61,Kennie,Dayes,kdayes1o,+55 464 924 3283,Águas Belas,Brazil,BR
62,Lee,Fairs,lfairs1p,+86 300 706 5241,Haishan,China,CN
63,Deerdre,Danskine,ddanskine1q,+86 475 238 0991,Zaojiacheng,China,CN
64,Julee,Mohun,jmohun1r,+86 340 271 2572,Baiyanghe,China,CN
65,Gabi,Ganniclifft,gganniclifft1s,+86 672 780 0442,Gaohong,China,CN
66,Shepard,Kopp,skopp1t,+1 773 605 2502,Sainte-Thérèse,Canada,CA
67,Francklyn,Harling,fharling1u,+86 312 120 0815,Mengdadazhuang,China,CN
68,Taite,Revening,trevening1v,+86 643 822 5559,Weitang,China,CN
69,Liz,Gudeman,lgudeman1w,+7 269 876 1872,Cherëmushki,Russia,RU
70,Monty,Kettridge,mkettridge1x,+1 775 469 4400,Sparks,United States,US
71,Emilie,Crust,ecrust1y,+33 437 511 8965,Romorantin-Lanthenay,France,FR
72,Selie,De Fries,sdefries1z,+86 311 659 0857,Mabugang,China,CN
73,Otis,Itzkovwitch,oitzkovwitch20,+1 757 106 8481,Virginia Beach,United States,US
74,Thornie,Groven,tgroven21,+7 812 462 4233,Zvenigorod,Russia,RU
75,Alyce,Tipper,atipper22,+7 756 659 7345,Lipin Bor,Russia,RU
76,Sarita,Whittles,swhittles23,+46 810 246 4216,Njurunda,Sweden,SE
77,Anabal,Buller,abuller24,+1 998 136 0126,Princeville,Canada,CA
78,Thaddus,Wellfare,twellfare25,+86 375 113 7070,Xiaji,China,CN
79,Peyter,Hammell,phammell26,+7 766 534 7076,Ryazan’,Russia,RU
80,Joanne,Rawnsley,jrawnsley27,+86 236 622 2573,Tianzhu,China,CN
81,Willdon,Mackerness,wmackerness28,+86 251 969 6443,Wangshi,China,CN
82,Angeline,D'eath,adeath29,+1 330 201 4482,Youngstown,United States,US
83,Gabriele,Kehir,gkehir2a,+86 785 189 0175,Nianpan,China,CN
84,Riva,Ridler,rridler2b,+86 573 410 2641,Fushan,China,CN
85,Kimberlee,Paten,kpaten2c,+7 306 995 9697,Krasnotur’insk,Russia,RU
86,Kiah,Serrurier,kserrurier2d,+46 277 344 5239,Alunda,Sweden,SE
87,Ivory,Burrel,iburrel2e,+7 626 609 4118,Naushki,Russia,RU
88,Papageno,Plaskett,pplaskett2f,+86 466 469 8259,Qimantage,China,CN
89,Keene,Whiston,kwhiston2g,+86 546 189 6696,Longcheng,China,CN
90,Laughton,Amyes,lamyes2h,+86 915 684 1303,Yixing,China,CN
91,Carla,Pannaman,cpannaman2i,+33 151 492 1210,Paris 11,France,FR
92,Laurena,Thomsson,lthomsson2j,+86 920 420 2610,Caotang,China,CN
93,Ancell,Finlater,afinlater2k,+86 897 526 4674,Hedian,China,CN
94,Jolie,Rodriguez,jrodriguez2l,+86 127 816 2883,Daweishan,China,CN
95,Fay,Hendriksen,fhendriksen2m,+86 894 151 3927,Xinshi,China,CN
96,Gerek,Ohms,gohms2n,+55 143 334 4982,Maracanaú,Brazil,BR
97,Donny,Jakeman,djakeman2o,+7 154 355 5564,Goragorskiy,Russia,RU
98,Euell,Cressor,ecressor2p,+33 382 506 1699,Valence,France,FR
99,Jaquith,Blezard,jblezard2q,+33 520 462 4031,Gap,France,FR
100,Marc,Staries,mstaries2r,+7 251 848 7807,Kuvandyk,Russia,RU
101,Cassaundra,Choupin,cchoupin2s,+86 612 506 3782,Hengjie,China,CN
102,Eyde,McQuaid,emcquaid2t,+86 996 704 1358,Changmaoling,China,CN
103,Seline,Oene,soene2u,+86 477 551 7913,Jiangdulu,China,CN
104,Laural,Gontier,lgontier2v,+7 350 682 6178,Abaza,Russia,RU
105,Deloris,Symonds,dsymonds2w,+86 630 519 7993,Yong’an,China,CN
106,Putnem,Symper,psymper2x,+86 768 452 0873,Liutang,China,CN
107,Caldwell,Radnedge,cradnedge2y,+86 675 355 6912,Baoyang,China,CN
108,Iggy,Jancar,ijancar2z,+46 333 522 1819,Gävle,Sweden,SE
109,Tabby,Everil,teveril30,+46 116 177 9766,Norrköping,Sweden,SE
110,Dede,Mardell,dmardell31,+86 154 818 6274,Wujiaying,China,CN
111,Fayre,Nelson,fnelson32,+86 261 455 9315,Dagang,China,CN
112,Waldon,Fowley,wfowley33,+7 532 242 0418,Krasnyy Oktyabr’,Russia,RU
113,Ulric,Considine,uconsidine34,+1 505 775 7362,Santa Fe,United States,US
114,Caren,Lonsbrough,clonsbrough35,+7 643 901 2151,Afanas’yeva,Russia,RU
115,Tani,Putley,tputley36,+86 138 551 9822,Liyang,China,CN
116,Yvor,Upham,yupham37,+33 194 764 9586,Aix-les-Bains,France,FR
117,Belia,Wilby,bwilby38,+86 490 448 9745,Guashe,China,CN
118,Der,Symington,dsymington39,+86 314 438 6605,Daqian,China,CN
119,Kendra,Cowin,kcowin3a,+86 290 679 8404,Peicheng,China,CN
120,Jenilee,Ondracek,jondracek3b,+86 531 189 4663,Jiangwei,China,CN
121,Junia,Heugle,jheugle3c,+86 749 899 2868,Yantan,China,CN
122,Delilah,Milsap,dmilsap3d,+55 425 605 0712,Santos Dumont,Brazil,BR
123,Wendye,Broggio,wbroggio3e,+55 266 167 6803,Piracaia,Brazil,BR
124,Kacey,Andreucci,kandreucci3f,+86 468 846 4037,Lukou,China,CN
125,Heda,Littlecote,hlittlecote3g,+55 977 104 9292,Jaboticabal,Brazil,BR
126,Cristie,Milton,cmilton3h,+7 219 511 7800,Sestroretsk,Russia,RU
127,Lory,Bolino,lbolino3i,+1 379 180 5067,Ponoka,Canada,CA
128,Lucian,Seeviour,lseeviour3j,+1 719 436 1470,Colorado Springs,United States,US
129,Melva,Edgeon,medgeon3k,+86 171 318 8837,Zhihe,China,CN
130,Forester,Pullar,fpullar3l,+55 266 655 6211,Araras,Brazil,BR
131,Tobey,Sheard,tsheard3m,+86 688 544 2461,Jiegan,China,CN
132,Florian,Daniely,fdaniely3n,+86 515 220 6649,Wanshan,China,CN
133,Rogers,Attersoll,rattersoll3o,+86 382 934 7867,Yanglin,China,CN
134,Olwen,Moxley,omoxley3p,+86 659 631 7253,Xinglin,China,CN
135,Franny,Godlee,fgodlee3q,+7 582 430 8695,Tarnogskiy Gorodok,Russia,RU
136,Izzy,Brotherhood,ibrotherhood3r,+55 959 405 5518,Cuiabá,Brazil,BR
137,Ancell,Headland,aheadland3s,+55 920 596 1469,Marapanim,Brazil,BR
138,Persis,Mecchi,pmecchi3t,+7 613 219 9697,Rossosh’,Russia,RU
139,Krystalle,Davoren,kdavoren3u,+55 589 980 2465,Santo Antônio de Jesus,Brazil,BR
140,Donn,Jamblin,djamblin3v,+7 363 192 5666,Priyutovo,Russia,RU
141,Ryan,Skerman,rskerman3w,+1 330 474 4191,Canton,United States,US
142,Symon,McGowing,smcgowing3x,+7 474 838 1481,Rzhev,Russia,RU
143,Henka,Ridges,hridges3y,+33 322 591 4113,Blois,France,FR
144,Abrahan,Escalante,aescalante3z,+86 914 382 7270,Xiangdian,China,CN
145,Zarah,Rowett,zrowett40,+7 562 778 8804,Volgorechensk,Russia,RU
146,Carling,Donwell,cdonwell41,+7 230 737 6268,Yasenskaya,Russia,RU
147,Roseanna,Snelman,rsnelman42,+7 563 345 0451,Tikhoretsk,Russia,RU
148,Jaclin,Houseman,jhouseman43,+1 828 316 3726,Asheville,United States,US
149,Kakalina,Skerrett,kskerrett44,+86 470 915 3895,Liuduzhai,China,CN
150,Fawnia,Birwhistle,fbirwhistle45,+33 423 113 4269,Orléans,France,FR
151,Marcellus,Brinicombe,mbrinicombe46,+7 171 700 9848,Kiyevskoye,Russia,RU
152,Rani,Gaunt,rgaunt47,+86 917 307 8495,Xinpeicun,China,CN
153,Tandi,Arni,tarni48,+86 548 605 9948,Shajia’ao,China,CN
154,Cob,Audsley,caudsley49,+86 986 442 1194,Yonghe,China,CN
155,Morse,Lowless,mlowless4a,+7 964 955 6611,Yekaterinovka,Russia,RU
156,Allene,Kneeshaw,akneeshaw4b,+86 249 566 3096,Wanlongshan,China,CN
157,Ange,Hambly,ahambly4c,+7 273 139 5984,Kommunar,Russia,RU
158,Reece,Test,rtest4d,+33 233 262 5472,Verdun,France,FR
159,Eugine,Cottis,ecottis4e,+86 883 924 4789,Shangma,China,CN
160,Sid,Rymell,srymell4f,+86 439 586 4442,Bayang,China,CN
161,Leonora,Tomkin,ltomkin4g,+86 258 856 4398,Nanpiao,China,CN
162,Sherilyn,Gwyneth,sgwyneth4h,+1 951 179 3003,Corona,United States,US
163,Quintilla,Elsie,qelsie4i,+86 504 251 6106,Duhu,China,CN
164,Linell,Caldwall,lcaldwall4j,+1 571 744 1425,Arlington,United States,US
165,Hedy,Creenan,hcreenan4k,+33 455 861 1192,Orléans,France,FR
166,Layton,Flahy,lflahy4l,+86 190 399 0416,Saihan Tal,China,CN
167,Moritz,Crummey,mcrummey4m,+1 916 610 9769,Sacramento,United States,US
168,Gregoor,Peplow,gpeplow4n,+7 896 644 0754,Ishimbay,Russia,RU
169,Gifford,Lapre,glapre4o,+1 114 649 0613,La Tuque,Canada,CA
170,Minetta,Kinane,mkinane4p,+33 691 317 2667,Grenoble,France,FR
171,Antoni,Goodger,agoodger4q,+7 271 286 9496,Karpogory,Russia,RU
172,Corilla,Bowles,cbowles4r,+86 251 144 1534,Mintang,China,CN
173,Susi,Queripel,squeripel4s,+7 980 657 4668,Pokrovka,Russia,RU
174,Torey,Cowill,tcowill4t,+55 578 397 8558,Goiatuba,Brazil,BR
175,Diena,De Hooch,ddehooch4u,+55 966 484 3711,Ribeirão Pires,Brazil,BR
176,Maxi,Langthorne,mlangthorne4v,+46 537 767 3129,Sundsvall,Sweden,SE
177,Fred,Burstow,fburstow4w,+86 464 640 1142,Waihai,China,CN
178,Kelcie,Bosma,kbosma4x,+1 336 396 5463,Greensboro,United States,US
179,Angelle,Voden,avoden4y,+86 214 603 8652,Zhusha,China,CN
180,L;urette,Cicchillo,lcicchillo4z,+1 503 640 8992,Beaverton,United States,US
181,Aleece,Auchterlonie,aauchterlonie50,+33 328 220 1328,Palaiseau,France,FR
182,Marv,MacIlory,mmacilory51,+46 201 819 2820,Boden,Sweden,SE
183,Brynna,Dymond,bdymond52,+86 710 313 2425,Xiawa,China,CN
184,Vanny,Huetson,vhuetson53,+7 114 854 5794,Timiryazevskoye,Russia,RU
185,Gregoor,Buchan,gbuchan54,+86 224 873 5051,Hancheng,China,CN
186,Roby,Swannack,rswannack55,+33 415 709 8969,Bourges,France,FR
187,Alica,Wortt,awortt56,+86 915 184 3897,Xiongjia,China,CN
188,Hephzibah,Stempe,hstempe57,+86 114 118 3169,Xianghu,China,CN
189,Felicle,Vallow,fvallow58,+86 576 833 5734,Baiyang,China,CN
190,Gabriell,Sunman,gsunman59,+86 614 422 5438,Jiguan,China,CN
191,Allix,Clint,aclint5a,+7 691 516 2749,Kafyr-Kumukh,Russia,RU
192,Wilmer,Sissons,wsissons5b,+86 923 165 9408,Sucun,China,CN
193,Hyman,Weld,hweld5c,+7 547 865 6069,Kvitok,Russia,RU
194,Loren,Meiklam,lmeiklam5d,+7 946 993 6741,Mikhaylovskoye,Russia,RU
195,Simmonds,Eversley,seversley5e,+55 115 993 2320,Santo Estêvão,Brazil,BR
196,Erminie,Birkenhead,ebirkenhead5f,+7 242 726 2878,Centralniy,Russia,RU
197,Ailbert,Stanbrooke,astanbrooke5g,+86 782 284 9177,Chengkan,China,CN
198,Carlin,Iwanicki,ciwanicki5h,+33 860 745 1910,Paris 09,France,FR
199,Rikki,MacGinley,rmacginley5i,+86 985 356 1542,Daxi,China,CN
200,Issiah,Beecroft,ibeecroft5j,+55 518 599 6495,Taiobeiras,Brazil,BR
201,Kipp,Dwyer,kdwyer5k,+27 477 836 8867,Camperdown,South Africa,ZA
202,Sibylla,Ravillas,sravillas5l,+86 344 533 0793,Anning,China,CN
203,Raimund,Reiach,rreiach5m,+86 148 813 9378,Meilin,China,CN
204,Rey,Yglesias,ryglesias5n,+33 140 230 9434,Arras,France,FR
205,Montague,Le Houx,mlehoux5o,+86 681 671 4129,Zhonggang,China,CN
206,Mathias,Grigsby,mgrigsby5p,+7 971 118 4757,Glyadyanskoye,Russia,RU
207,Thedrick,Kermath,tkermath5q,+86 171 798 5684,Longquan,China,CN
208,Siobhan,Kolyagin,skolyagin5r,+33 463 590 1000,Poitiers,France,FR
209,Rochester,Southouse,rsouthouse5s,+86 949 824 8811,Huanshan,China,CN
210,Ryun,Cantillion,rcantillion5t,+27 718 582 5525,Lichtenburg,South Africa,ZA
211,Rozelle,O' Concannon,roconcannon5u,+55 275 527 9999,Porto Seguro,Brazil,BR
212,Nichole,Van Salzberger,nvansalzberger5v,+55 509 771 8492,Três Rios,Brazil,BR
213,Lissy,Spenceley,lspenceley5w,+86 998 835 6245,Caozhen,China,CN
214,Shaina,Fenne,sfenne5x,+55 441 308 8499,Pontalina,Brazil,BR
215,Shane,Askie,saskie5y,+55 817 875 4875,Pesqueira,Brazil,BR
216,Jeannette,Hungerford,jhungerford5z,+86 561 570 1515,Wangqingtuo,China,CN
217,Camey,Labden,clabden60,+1 904 627 6429,Jacksonville,United States,US
218,Cobb,Salatino,csalatino61,+7 845 989 1224,Peresvet,Russia,RU
219,Perl,Wharmby,pwharmby62,+46 719 737 5089,Göteborg,Sweden,SE
220,Dillie,Copnall,dcopnall63,+86 922 842 7512,Liancheng,China,CN
221,Eryn,Sego,esego64,+86 173 490 0029,Qiangqinxue,China,CN
222,Julius,Heathcoat,jheathcoat65,+55 549 287 7414,Registro,Brazil,BR
223,Ned,Jaffrey,njaffrey66,+1 614 306 5335,Columbus,United States,US
224,Christian,Sprankling,csprankling67,+86 502 480 5017,Caidian,China,CN
225,Dill,Petcher,dpetcher68,+86 297 136 0552,Yangmiao,China,CN
226,Isahella,Pargeter,ipargeter69,+86 640 684 9371,Ping’an,China,CN
227,Travus,Breens,tbreens6a,+86 329 259 8008,Dalongdong,China,CN
228,Adlai,Eastcourt,aeastcourt6b,+86 888 698 1133,Pingpo,China,CN
229,Eben,Gyorgy,egyorgy6c,+86 408 240 8753,Hengbanqiao,China,CN
230,Sheffy,Bettridge,sbettridge6d,+7 981 873 7521,Shatki,Russia,RU
231,Caritta,Hanna,channa6e,+86 784 693 0202,Dingbu,China,CN
232,Myer,Robert,mrobert6f,+55 134 622 7271,Petrópolis,Brazil,BR
233,Sylvester,Plumbe,splumbe6g,+1 510 859 7161,Oakland,United States,US
234,Antonio,Keave,akeave6h,+86 439 826 8173,Quxi,China,CN
235,Bobina,Bloyes,bbloyes6i,+7 339 447 2521,Kipen’,Russia,RU
236,Consalve,Dorken,cdorken6j,+86 109 734 4446,Cuntan,China,CN
237,Remy,Jacob,rjacob6k,+86 143 251 1570,Zhangdun,China,CN
238,Dyana,Ickovic,dickovic6l,+7 586 651 5314,Pestovo,Russia,RU
239,Jessa,Bracknell,jbracknell6m,+55 911 548 6030,Alegrete,Brazil,BR
240,Brewster,Hargie,bhargie6n,+86 625 825 9932,Bao’an,China,CN
241,Nathanial,Cardon,ncardon6o,+86 123 922 1982,Jieyang,China,CN
242,Kim,Wiffield,kwiffield6p,+55 413 121 8308,Jaguariaíva,Brazil,BR
243,Serge,Sansum,ssansum6q,+86 971 438 3092,Kan,China,CN
244,Hildegarde,Dormer,hdormer6r,+86 825 804 7223,Xiangcunxiang,China,CN
245,Nat,Johns,njohns6s,+1 615 310 7477,Nashville,United States,US
246,Chadd,Dearsley,cdearsley6t,+86 380 331 9402,Shenwan,China,CN
247,Regan,Smouten,rsmouten6u,+86 748 582 8022,Guogan,China,CN
248,Umberto,Hordle,uhordle6v,+7 137 765 5560,Solnechnyy,Russia,RU
249,Benedikt,Keesman,bkeesman6w,+86 173 537 6140,Heling,China,CN
250,Cristine,Radloff,cradloff6x,+86 112 698 1849,Zhangjiawan,China,CN
251,Ana,Stockley,astockley6y,+86 619 444 8533,Yipeng,China,CN
252,Geoff,McGinney,gmcginney6z,+86 586 780 9974,Xinmin,China,CN
253,Fowler,Worham,fworham70,+1 491 236 3236,Saint-Raymond,Canada,CA
254,Letitia,Orteu,lorteu71,+1 864 302 6940,Spartanburg,United States,US
255,Ed,Ioannidis,eioannidis72,+7 492 248 1528,Nachalovo,Russia,RU
256,Emery,Petrelluzzi,epetrelluzzi73,+7 431 362 2886,Novopavlovsk,Russia,RU
257,Deidre,Muzzollo,dmuzzollo74,+86 915 753 3424,Xinjiang,China,CN
258,Darryl,Gulston,dgulston75,+86 826 934 1819,Nalinggou,China,CN
259,Kim,De Mico,kdemico76,+86 217 463 2738,Tanxi,China,CN
260,Findley,Peregrine,fperegrine77,+33 692 337 5249,Tours,France,FR
261,Josi,Rawls,jrawls78,+86 373 806 1471,Longqiao,China,CN
262,Alvinia,Blackney,ablackney79,+7 401 639 0736,Smolyaninovo,Russia,RU
263,Bobette,Ringe,bringe7a,+86 306 303 2086,Luotang,China,CN
264,Fredi,Liveing,fliveing7b,+86 981 789 3773,Daixi,China,CN
265,Yettie,Galvin,ygalvin7c,+46 617 242 8670,Södertälje,Sweden,SE
266,Timmie,Mival,tmival7d,+55 227 267 7879,Paulo Afonso,Brazil,BR
267,Lila,Yearns,lyearns7e,+86 159 625 6182,Heping,China,CN
268,Amabelle,Spare,aspare7f,+7 555 514 4501,Knyaze-Volkonskoye,Russia,RU
269,Darcey,Heigho,dheigho7g,+86 437 838 6259,Handegate,China,CN
270,Cody,McCallion,cmccallion7h,+1 407 242 0334,Orlando,United States,US
271,Hilarius,Richten,hrichten7i,+86 689 139 6563,Shatoujiao,China,CN
272,Jeannine,Covert,jcovert7j,+86 254 457 7119,Qingshui,China,CN
273,Quincey,Tue,qtue7k,+33 603 139 9323,Fontenay-sous-Bois,France,FR
274,Bail,Lafayette,blafayette7l,+55 424 332 8486,Camanducaia,Brazil,BR
275,Gena,Ropars,gropars7m,+86 513 235 1363,Shendang,China,CN
276,Bartholomeo,Bugden,bbugden7n,+86 465 761 4364,Youshan,China,CN
277,Toddie,Hannah,thannah7o,+1 916 894 7536,Sacramento,United States,US
278,Nerte,Packman,npackman7p,+86 744 595 4374,Shanguang,China,CN
279,Frannie,Pierucci,fpierucci7q,+46 161 123 4676,Mora,Sweden,SE
280,Suzanna,Grisdale,sgrisdale7r,+86 171 826 5969,Xiangzhou,China,CN
281,Quinlan,Prevost,qprevost7s,+86 223 743 3272,Xindian,China,CN
282,Bernette,Bolstridge,bbolstridge7t,+86 858 569 6845,Heshan,China,CN
283,Kissee,Bartoletti,kbartoletti7u,+7 804 859 0668,Dinskaya,Russia,RU
284,Sander,Wiggins,swiggins7v,+55 225 467 4751,Prado,Brazil,BR
285,Gerek,Thrasher,gthrasher7w,+55 455 390 7608,Canindé,Brazil,BR
286,Annette,Oxbrough,aoxbrough7x,+86 222 761 9792,Yoiqag,China,CN
287,Kym,Lodemann,klodemann7y,+86 888 291 4035,Nanyue,China,CN
288,Alexandros,Hobbing,ahobbing7z,+86 888 605 9889,Tangba,China,CN
289,Yvonne,Durning,ydurning80,+1 302 722 2771,Newark,United States,US
290,Sammy,Hawley,shawley81,+1 772 142 7907,Nanton,Canada,CA
291,Flory,Dunstan,fdunstan82,+7 816 936 4466,Priozërsk,Russia,RU
292,Minda,Berthomieu,mberthomieu83,+86 453 304 4321,Nanyang,China,CN
293,Gibby,Vose,gvose84,+55 632 850 9652,Espírito Santo do Pinhal,Brazil,BR
294,Osborne,Tipper,otipper85,+55 104 225 9490,Açucena,Brazil,BR
295,Basia,Febre,bfebre86,+86 471 404 4109,Xinshancun,China,CN
296,Forester,Cettell,fcettell87,+86 457 432 9115,Xixia,China,CN
297,Natividad,Blaksland,nblaksland88,+55 114 742 9499,Piraí,Brazil,BR
298,Ysabel,Kennsley,ykennsley89,+7 470 986 6705,Shilovo,Russia,RU
299,Fidole,Pavolini,fpavolini8a,+86 674 138 2173,Zhangshui,China,CN
300,Linette,Auchinleck,lauchinleck8b,+86 912 481 4423,Xinfeng,China,CN
301,Alana,Chaff,achaff8c,+55 706 366 9752,Boa Viagem,Brazil,BR
302,Shea,Puttock,sputtock8d,+33 260 129 2132,Bordeaux,France,FR
303,Madonna,Tuffley,mtuffley8e,+86 410 612 8256,Laoqiao,China,CN
304,Delinda,Downe,ddowne8f,+86 774 954 8567,Qiaodi,China,CN
305,Derrek,Carlyle,dcarlyle8g,+86 260 479 9226,Xinshi,China,CN
306,Leda,Neachell,lneachell8h,+86 827 368 5798,Balbagay,China,CN
307,Karlene,Strewthers,kstrewthers8i,+55 892 204 4805,Rio Formoso,Brazil,BR
308,Klaus,McCuis,kmccuis8j,+86 703 203 5512,Chikan,China,CN
309,Herculie,Seligson,hseligson8k,+86 531 898 4256,Wenfang,China,CN
310,Tamra,Bulfit,tbulfit8l,+86 743 387 8971,Zuocun,China,CN
311,Virgina,Vedyashkin,vvedyashkin8m,+86 567 313 5388,Wudangshan,China,CN
312,Sly,Cullip,scullip8n,+33 386 131 0577,Évry,France,FR
313,Archie,Standen,astanden8o,+86 825 556 6699,Bukui,China,CN
314,Lidia,Turnpenny,lturnpenny8p,+86 666 315 7811,Machikou,China,CN
315,Mercie,Tomasoni,mtomasoni8q,+1 945 418 8906,Rosthern,Canada,CA
316,Eugenie,Hanhardt,ehanhardt8r,+46 526 828 0071,Tierp,Sweden,SE
317,Hendrik,Fazzioli,hfazzioli8s,+86 364 701 3042,Taibai,China,CN
318,Valentia,Linny,vlinny8t,+33 530 609 9412,Bègles,France,FR
319,Hildegarde,Longega,hlongega8u,+7 153 894 3384,Zabaykal’sk,Russia,RU
320,Elly,Cutress,ecutress8v,+86 327 434 4069,Libao,China,CN
321,Evangelia,Benstead,ebenstead8w,+7 153 862 1498,Novaya Igirma,Russia,RU
322,Irma,Humpherson,ihumpherson8x,+7 385 712 0680,Ekimchan,Russia,RU
323,Stormy,Gounin,sgounin8y,+33 171 887 4126,Pau,France,FR
324,Belia,Galiford,bgaliford8z,+86 939 287 5920,Longxi,China,CN
325,Baillie,Ibeson,bibeson90,+46 703 384 8478,Dalsjöfors,Sweden,SE
326,Liva,Dyerson,ldyerson91,+86 156 924 0929,Zhonghe,China,CN
327,Duane,Gantlett,dgantlett92,+55 249 900 5806,Limoeiro do Norte,Brazil,BR
328,Mersey,Brody,mbrody93,+86 501 629 3180,Wenquan,China,CN
329,Florence,Lea,flea94,+86 790 760 9678,Mangxing,China,CN
330,Sheridan,Lawtie,slawtie95,+86 476 913 3217,Xujiahe,China,CN
331,Kandace,Hamblett,khamblett96,+7 581 944 2437,Kulotino,Russia,RU
332,Merv,Ludgate,mludgate97,+86 155 223 9962,Songqiao,China,CN
333,Fitz,McKleod,fmckleod98,+86 280 282 1350,Gao’an,China,CN
334,Barnabas,Pringell,bpringell99,+86 903 820 6721,Dejilin,China,CN
335,Andre,Morratt,amorratt9a,+46 990 647 9330,Floda,Sweden,SE
336,Rosemonde,Hastelow,rhastelow9b,+86 531 488 8202,Situ,China,CN
337,Shauna,Vasnev,svasnev9c,+1 774 365 4558,Kingsey Falls,Canada,CA
338,Jorry,Fitt,jfitt9d,+27 394 427 6142,Sundumbili,South Africa,ZA
339,Orelia,Pears,opears9e,+33 461 474 4615,Annecy,France,FR
340,Charity,Calken,ccalken9f,+7 109 170 1407,Kurmanayevka,Russia,RU
341,Kamillah,Helis,khelis9g,+86 708 595 7649,Huangtugang,China,CN
342,Kingston,covino,kcovino9h,+1 804 883 6360,Manassas,United States,US
343,Tarra,Hearty,thearty9i,+33 659 741 5862,Alençon,France,FR
344,Russell,Daubeny,rdaubeny9j,+33 398 764 0837,Marseille,France,FR
345,Wallis,Boothebie,wboothebie9k,+86 605 646 1019,Nanxinxiang,China,CN
346,Alameda,Glennon,aglennon9l,+33 684 521 5165,Crépy-en-Valois,France,FR
347,Pavla,Fautley,pfautley9m,+86 602 408 2461,Qiaotou,China,CN
348,Warner,Almey,walmey9n,+86 513 870 4565,Gongnong,China,CN
349,Waldo,Arnell,warnell9o,+1 505 647 5734,Las Cruces,United States,US
350,Curtis,Collington,ccollington9p,+33 704 868 6219,Paris 08,France,FR
351,Ugo,Chesney,uchesney9q,+86 188 344 1805,Jinghong,China,CN
352,Laurent,Cardis,lcardis9r,+7 933 554 8375,Vanino,Russia,RU
353,Kaja,Klamman,kklamman9s,+46 543 391 5727,Linköping,Sweden,SE
354,Egon,Shankland,eshankland9t,+86 943 153 7947,Zibu,China,CN
355,Lira,Mingasson,lmingasson9u,+7 621 374 9808,Shalazhi,Russia,RU
356,Kalindi,Duer,kduer9v,+86 958 554 1007,Xiaochengzi,China,CN
357,Rollin,Simonnin,rsimonnin9w,+86 562 782 8747,Minle,China,CN
358,Ruthie,Carlone,rcarlone9x,+86 837 665 4111,Jianggu,China,CN
359,Hartwell,Keesman,hkeesman9y,+86 981 420 4553,Santai,China,CN
360,Thane,Venes,tvenes9z,+86 267 778 5479,Liufang,China,CN
361,Morley,Ericssen,mericssena0,+86 932 804 4165,Huilong,China,CN
362,Thomasina,Chetter,tchettera1,+1 253 125 5231,Tacoma,United States,US
363,Jedidiah,Lanceter,jlancetera2,+55 795 275 2537,Miguelópolis,Brazil,BR
364,Winny,Golson,wgolsona3,+86 371 683 6201,Jishi,China,CN
365,Scarface,Britton,sbrittona4,+7 389 994 5655,Nyazepetrovsk,Russia,RU
366,Jami,Gulleford,jgulleforda5,+7 841 151 8789,Yessentuki,Russia,RU
367,Emanuele,Fidal,efidala6,+86 892 594 2418,Xiapu,China,CN
368,Sinclair,Brokenshaw,sbrokenshawa7,+86 813 920 9011,Tuanshan,China,CN
369,Allegra,Houseley,ahouseleya8,+86 250 932 5497,Dongkeng,China,CN
370,Nedda,Sugarman,nsugarmana9,+55 165 491 0214,Brodósqui,Brazil,BR
371,Mark,Sawbridge,msawbridgeaa,+86 753 295 0574,Pengjia Zhaizi,China,CN
372,Gertrudis,Klas,gklasab,+7 709 123 2412,Kedrovoye,Russia,RU
373,Mair,Dunaway,mdunawayac,+86 880 101 7626,Gushan,China,CN
374,Erek,Cawdery,ecawderyad,+86 734 900 1197,Yinjiang,China,CN
375,Caterina,Degoe,cdegoeae,+1 928 535 4113,Martensville,Canada,CA
376,Gauthier,Nealon,gnealonaf,+33 762 497 5765,Mont-de-Marsan,France,FR
377,Randi,Laurenz,rlaurenzag,+86 917 575 5469,Jianghong,China,CN
378,Margo,Kryszkiecicz,mkryszkieciczah,+86 813 478 8999,Wangtai,China,CN
379,Bernadene,Camus,bcamusai,+86 555 596 8525,Heshang,China,CN
380,Zsa zsa,Wait,zwaitaj,+7 314 326 8744,Sigayevo,Russia,RU
381,Sampson,Merida,smeridaak,+86 181 127 0242,Tumxuk,China,CN
382,Janina,Scougall,jscougallal,+61 291 734 7989,Melbourne,Australia,AU
383,Dotty,Ekkel,dekkelam,+55 611 594 4354,Ipiaú,Brazil,BR
384,Mayer,Grabbam,mgrabbaman,+55 990 380 4993,Eusébio,Brazil,BR
385,Ignace,Latham,ilathamao,+7 814 522 7529,Valuyki,Russia,RU
386,Lorenza,Ivashnyov,livashnyovap,+33 821 265 6499,Versailles,France,FR
387,Daron,Bruno,dbrunoaq,+86 289 504 4568,Xiwang,China,CN
388,Inessa,Samarth,isamarthar,+1 713 613 9803,Houston,United States,US
389,Godfrey,Garbert,ggarbertas,+230 791 307 5725,Mapou,Mauritius,MU
390,Alex,Strooband,astroobandat,+7 156 440 0244,Novobeysugskaya,Russia,RU
391,Freddi,Tidbold,ftidboldau,+86 180 818 4687,Jiantian,China,CN
392,Magdalen,Hasell,mhasellav,+1 424 747 6210,Québec,Canada,CA
393,Mildred,Raigatt,mraigattaw,+86 740 948 4716,Luohuang,China,CN
394,Gray,D'Acth,gdacthax,+46 103 829 3821,Luleå,Sweden,SE
395,Aleda,Avey,aaveyay,+86 799 172 6927,Dingchang,China,CN
396,Wes,Elderfield,welderfieldaz,+55 123 569 0116,Rio Negro,Brazil,BR
397,Alexio,Daughtry,adaughtryb0,+55 454 767 2553,Uruçuca,Brazil,BR
398,Claudette,Boggers,cboggersb1,+86 349 606 8609,Beiping,China,CN
399,Bessie,Dunsire,bdunsireb2,+86 143 582 9110,Tiebiancheng,China,CN
400,Grannie,Franceschi,gfranceschib3,+86 508 449 5403,Minyue,China,CN
401,Kareem,Stebbings,kstebbingsb4,+1 352 970 7429,Ocala,United States,US
402,Marji,Hanlon,mhanlonb5,+86 660 795 1177,Jiangcun,China,CN
403,Dagmar,Askell,daskellb6,+86 803 662 8573,Ganquan,China,CN
404,Curr,Orlton,corltonb7,+86 794 328 8518,Huamu,China,CN
405,Alec,Spellard,aspellardb8,+33 566 428 1115,Oullins,France,FR
406,Lazar,Dudny,ldudnyb9,+46 401 325 7168,Stockholm,Sweden,SE
407,Crissie,Van Rembrandt,cvanrembrandtba,+86 964 787 8527,Zhujiang,China,CN
408,Milzie,Cobley,mcobleybb,+7 316 471 0788,Spas-Zaulok,Russia,RU
409,Maggi,Brandsma,mbrandsmabc,+86 667 660 2222,Liren,China,CN
410,Karna,Avrasin,kavrasinbd,+86 874 897 1099,Caoping,China,CN
411,Wye,Brislan,wbrislanbe,+86 306 140 6270,Danan,China,CN
412,Korey,Cottage,kcottagebf,+86 598 966 2498,Linshanhe,China,CN
413,Sashenka,Rake,srakebg,+55 495 188 2372,Cambebba,Brazil,BR
414,Johnny,Reuble,jreublebh,+7 501 461 5473,Timashëvsk,Russia,RU
415,Veradis,Bransom,vbransombi,+1 832 562 2418,Spring,United States,US
416,Gabbi,Royden,groydenbj,+1 212 800 0351,New York City,United States,US
417,Rawley,Ewan,rewanbk,+86 124 655 7278,Huolongmen,China,CN
418,Eldredge,Joslin,ejoslinbl,+86 708 108 6260,Xinfang,China,CN
419,Putnam,Frostdyke,pfrostdykebm,+86 882 598 7743,Qihama,China,CN
420,Raffarty,Weatherill,rweatherillbn,+55 143 434 4277,João Câmara,Brazil,BR
421,Idaline,Mehaffey,imehaffeybo,+33 230 133 6939,Nice,France,FR
422,Thorndike,Pywell,tpywellbp,+7 121 337 8747,Belovo,Russia,RU
423,Michaelina,Brinkman,mbrinkmanbq,+86 549 170 3890,Banqiao,China,CN
424,Armando,Clayal,aclayalbr,+86 657 403 6890,Zhushan,China,CN
425,Byran,Rushbury,brushburybs,+33 626 883 1987,Wissous,France,FR
426,Maggy,Norcliff,mnorcliffbt,+7 527 686 2074,Bolkhov,Russia,RU
427,Wallache,Bergstrand,wbergstrandbu,+86 163 332 9436,Baomin,China,CN
428,Dierdre,Petrasek,dpetrasekbv,+55 872 218 7014,José de Freitas,Brazil,BR
429,Ware,Phifer,wphiferbw,+1 985 976 1058,Taber,Canada,CA
430,Leland,Birbeck,lbirbeckbx,+1 517 147 5502,Lansing,United States,US
431,Frederigo,Stampe,fstampeby,+86 528 480 9234,Zengjia,China,CN
432,Jazmin,Benge,jbengebz,+86 828 290 9369,Ningzhong,China,CN
433,Boy,Hexham,bhexhamc0,+86 734 341 4735,Henglin,China,CN
434,Betta,Rappoport,brappoportc1,+46 146 909 8993,Mölndal,Sweden,SE
435,Demeter,Valerius,dvaleriusc2,+7 445 925 7934,Ulety,Russia,RU
436,Finn,Whittuck,fwhittuckc3,+86 744 461 2691,Taocun,China,CN
437,Ave,Harsnep,aharsnepc4,+86 206 834 4342,Tangban,China,CN
438,Wendell,Letherbury,wletherburyc5,+86 330 697 0214,Guzhen,China,CN
439,Eva,Berling,eberlingc6,+1 251 106 1834,Mobile,United States,US
440,Merridie,Garbott,mgarbottc7,+86 532 391 8014,Hanshou,China,CN
441,Alena,Rookwell,arookwellc8,+86 366 934 7899,Chanhe,China,CN
442,Josefa,Edgars,jedgarsc9,+33 638 937 2445,Dijon,France,FR
443,Laurette,Phipson,lphipsonca,+86 278 133 8566,Tuodian,China,CN
444,Dita,Bowkett,dbowkettcb,+7 453 817 3888,Sudogda,Russia,RU
445,Steffane,Rorke,srorkecc,+7 261 585 0336,Taldom,Russia,RU
446,Morey,Mitrikhin,mmitrikhincd,+86 951 908 2019,Yongfeng,China,CN
447,Adel,O'Finan,aofinance,+86 261 468 1218,Yushu,China,CN
448,Bryanty,Galego,bgalegocf,+7 299 489 5525,Vol’nyy Aul,Russia,RU
449,Aksel,Quayle,aquaylecg,+86 360 255 5762,Quanyang,China,CN
450,Nara,Jaggi,njaggich,+86 444 372 3940,Sanjiao,China,CN
451,Anya,Tudball,atudballci,+86 691 728 1830,Jiji,China,CN
452,Freida,Davidovitz,fdavidovitzcj,+86 237 617 9184,Jiangkou,China,CN
453,Norbert,Breen,nbreenck,+86 452 920 7513,Guogan,China,CN
454,Claudian,Terese,cteresecl,+46 537 227 2930,Ronneby,Sweden,SE
455,Brigg,Copperwaite,bcopperwaitecm,+7 805 982 7178,Nizhniy Kurkuzhin,Russia,RU
456,Allissa,Gambrell,agambrellcn,+1 135 802 3289,Lacombe,Canada,CA
457,Kippie,Davidavidovics,kdavidavidovicsco,+86 645 463 9274,Hadabei,China,CN
458,Timoteo,Skeleton,tskeletoncp,+86 470 401 4610,Majiang,China,CN
459,Jone,Elleton,jelletoncq,+230 130 785 6614,Calebasses,Mauritius,MU
460,Guido,Vaneschi,gvaneschicr,+86 107 355 7464,Dinghuo,China,CN
461,Brant,Ishak,bishakcs,+55 197 330 8933,Riachão do Jacuípe,Brazil,BR
462,Fletch,Faccini,ffaccinict,+86 744 664 1584,Shanyang,China,CN
463,Karisa,Antonchik,kantonchikcu,+86 928 579 6066,Changgucheng,China,CN
464,Chandal,Reame,creamecv,+86 792 357 2629,Lanyang,China,CN
465,Ally,Cridlin,acridlincw,+7 780 832 7713,Taldan,Russia,RU
466,Gerty,Depper,gdeppercx,+86 847 612 0454,Fushan,China,CN
467,Glen,Entwisle,gentwislecy,+86 684 569 9557,Samdo,China,CN
468,Leanna,Hadeke,lhadekecz,+7 958 938 1619,Luchegorsk,Russia,RU
469,Cynde,Tunesi,ctunesid0,+86 990 857 4817,Yong’an,China,CN
470,Marten,Vaudin,mvaudind1,+86 667 657 7749,Gucheng,China,CN
471,Nev,Overlow,noverlowd2,+86 452 984 8097,Lücheng,China,CN
472,Korey,Wallentin,kwallentind3,+86 333 102 7487,Zhongcheng,China,CN
473,Ignatius,Atcherley,iatcherleyd4,+1 505 721 7886,Santa Fe,United States,US
474,Bili,Provost,bprovostd5,+27 326 456 5542,Muldersdriseloop,South Africa,ZA
475,Octavius,Linstead,olinsteadd6,+86 178 349 2636,Xiliu,China,CN
476,Ibby,Edser,iedserd7,+7 813 276 8339,Uglich,Russia,RU
477,Tami,Wilsher,twilsherd8,+86 728 477 0770,Mengdong,China,CN
478,Clare,Blew,cblewd9,+7 712 400 0966,Tambovka,Russia,RU
479,Hilary,Belz,hbelzda,+86 436 725 0225,Gangkou,China,CN
480,Rivi,Ellcock,rellcockdb,+7 705 903 0266,Komsomol’skiy,Russia,RU
481,Corbett,McLay,cmclaydc,+86 597 525 3429,Miaoyu,China,CN
482,Maritsa,Cupitt,mcupittdd,+1 816 857 1809,Kansas City,United States,US
483,Hermon,Kidgell,hkidgellde,+7 662 365 1642,Porosozero,Russia,RU
484,Leoine,Pashba,lpashbadf,+86 407 973 5321,Jiujiang,China,CN
485,Raddie,Poolton,rpooltondg,+86 337 339 1812,Zhifang,China,CN
486,Dyanna,Garric,dgarricdh,+1 805 555 2382,Bakersfield,United States,US
487,Leta,MacRorie,lmacroriedi,+86 689 315 8344,Yidu,China,CN
488,Hillier,Snoding,hsnodingdj,+55 573 116 1756,Reserva,Brazil,BR
489,Clarisse,Russel,crusseldk,+7 633 283 4482,Ishimbay,Russia,RU
490,Wilbur,Esslemont,wesslemontdl,+86 936 859 3918,Tianzhou,China,CN
491,Margit,D'Antoni,mdantonidm,+86 274 216 4123,Hukeng,China,CN
492,Rhys,Stannas,rstannasdn,+27 796 332 7592,Daniëlskuil,South Africa,ZA
493,Shamus,Corby,scorbydo,+86 248 637 3216,Jihuluntu Sumu,China,CN
494,Winslow,Leatherland,wleatherlanddp,+55 922 514 6614,Esmeraldas,Brazil,BR
495,Pieter,Aronsohn,paronsohndq,+86 769 191 1093,Qingjiang,China,CN
496,Joellen,Mechi,jmechidr,+1 757 850 6631,Norfolk,United States,US
497,Shandee,Arnaut,sarnautds,+86 328 595 5361,Changzhou,China,CN
498,Karine,Hains,khainsdt,+86 468 781 0029,Shuangzhong,China,CN
499,Lorilee,Harner,lharnerdu,+46 617 206 9039,Danderyd,Sweden,SE
500,Onofredo,Fossick,ofossickdv,+55 294 660 7388,Aquidauana,Brazil,BR
501,Leona,Balcombe,lbalcombedw,+1 320 283 4656,Blainville,Canada,CA
502,Mathian,Bottby,mbottbydx,+55 111 521 9060,Ribeirão das Neves,Brazil,BR
503,Case,Croxon,ccroxondy,+33 557 466 8133,Pontarlier,France,FR
504,Sile,Drynan,sdrynandz,+1 301 798 6283,Laurel,United States,US
505,Wernher,Verni,wvernie0,+86 504 297 4539,Shuigou’ao,China,CN
506,Kathlin,Calverley,kcalverleye1,+230 480 965 7707,Centre de Flacq,Mauritius,MU
507,Nehemiah,Clifft,ncliffte2,+86 929 214 4456,Fengcheng,China,CN
508,Gray,Wareing,gwareinge3,+7 554 479 3594,Novo-Peredelkino,Russia,RU
509,Prudy,Musgrave,pmusgravee4,+1 205 470 1354,Birmingham,United States,US
510,Constancia,Eamer,ceamere5,+86 888 433 1213,Jiangkou,China,CN
511,Keriann,Ogelbe,kogelbee6,+46 798 589 5809,Göteborg,Sweden,SE
512,Almeria,Olifard,aolifarde7,+7 399 764 4289,Siva,Russia,RU
513,Fonz,Jarvie,fjarviee8,+1 704 902 9424,Charlotte,United States,US
514,Bowie,Keinrat,bkeinrate9,+46 299 421 1760,Borås,Sweden,SE
515,Parry,Bellas,pbellasea,+55 458 747 0108,Aquidauana,Brazil,BR
516,Fifine,Maseres,fmasereseb,+86 316 106 3561,Wawu,China,CN
517,Dana,Kenna,dkennaec,+1 571 993 9517,Merrifield,United States,US
518,Clerkclaude,Northern,cnortherned,+86 860 263 9789,Litian,China,CN
519,Erena,Cavozzi,ecavozziee,+86 848 638 2991,Xinning,China,CN
520,Clemmy,Lenglet,clengletef,+1 361 414 1005,Corpus Christi,United States,US
521,Dena,Swainsbury,dswainsburyeg,+7 742 470 6677,Smolino,Russia,RU
522,Henka,Terbrug,hterbrugeh,+7 363 360 1945,Orenburg,Russia,RU
523,Natalya,Adnett,nadnettei,+86 596 212 3973,Suicheng,China,CN
524,Harley,Edgerly,hedgerlyej,+1 678 411 9950,Lawrenceville,United States,US
525,Cobby,Vitall,cvitallek,+7 934 453 1981,Pil’na,Russia,RU
526,Virginia,Gillyatt,vgillyattel,+86 550 904 2349,Taoyuan,China,CN
527,Farley,Nairn,fnairnem,+1 843 148 0537,Beaufort,United States,US
528,Aurea,Spowage,aspowageen,+1 615 369 6201,Nashville,United States,US
529,Bendix,Feldhorn,bfeldhorneo,+46 269 970 3426,Norrköping,Sweden,SE
530,Cathy,Valdes,cvaldesep,+46 638 898 2513,Kopparberg,Sweden,SE
531,Sibby,Cossor,scossoreq,+55 204 286 8809,Cabreúva,Brazil,BR
532,Ardisj,Jacobovitz,ajacobovitzer,+86 493 430 7736,Hecheng,China,CN
533,Darlene,Gallehawk,dgallehawkes,+86 327 460 7568,Futian,China,CN
534,Dulcia,Craghead,dcragheadet,+86 764 958 9092,Gaotai,China,CN
535,Velvet,Craw,vcraweu,+33 441 136 7006,Besançon,France,FR
536,Gardiner,Anwell,ganwellev,+86 210 268 3583,Xinmin,China,CN
537,Danika,Quinby,dquinbyew,+86 259 580 9544,Tanxi,China,CN
538,Theodore,Leap,tleapex,+27 898 854 0391,Mokopane,South Africa,ZA
539,Savina,Fetherstonhaugh,sfetherstonhaughey,+86 494 401 6471,Heshui,China,CN
540,Eryn,Kleiser,ekleiserez,+86 629 838 5138,Sandaowan,China,CN
541,Antonius,Eckersley,aeckersleyf0,+7 238 545 4559,Uk,Russia,RU
542,Hanan,Collins,hcollinsf1,+33 451 885 4725,Les Sables-d'Olonne,France,FR
543,Adolpho,Swatton,aswattonf2,+86 607 157 8699,Hongdun,China,CN
544,Ralph,Coytes,rcoytesf3,+86 717 141 7752,Dawang,China,CN
545,Francklyn,Birdwistle,fbirdwistlef4,+86 385 543 8743,Chenghe,China,CN
546,Jackson,Narrie,jnarrief5,+55 790 537 6717,Itaberaí,Brazil,BR
547,Ludovico,Bly,lblyf6,+86 391 170 9257,Mianhu,China,CN
548,Alvy,Bignall,abignallf7,+7 627 759 1750,Shimorskoye,Russia,RU
549,Rafaellle,Stower,rstowerf8,+7 230 671 9279,Ol’ginskaya,Russia,RU
550,Jerrold,Tampin,jtampinf9,+86 530 675 5238,Xinpeicun,China,CN
551,Tamqrah,Empleton,templetonfa,+7 359 655 3516,Iset’,Russia,RU
552,Terrie,Brugsma,tbrugsmafb,+86 382 515 7085,Shangjia,China,CN
553,Titus,Wiltshier,twiltshierfc,+55 742 316 0413,Espera Feliz,Brazil,BR
554,Mercie,Sparling,msparlingfd,+7 806 738 5618,Bryansk,Russia,RU
555,Delbert,Goodding,dgooddingfe,+55 948 642 9632,Canindé,Brazil,BR
556,Tate,Blance,tblanceff,+86 555 730 1938,Longtian,China,CN
557,Tedda,Cubbon,tcubbonfg,+86 385 647 1876,Cuntan,China,CN
558,Betti,Meharry,bmeharryfh,+1 496 108 8647,Devon,Canada,CA
559,Dyanne,Hans,dhansfi,+1 571 906 3791,Alexandria,United States,US
560,Dexter,Philson,dphilsonfj,+55 445 967 5149,Abadiânia,Brazil,BR
561,Ferdinanda,Cronk,fcronkfk,+86 635 564 4164,Hehe,China,CN
562,Patience,Rayman,praymanfl,+86 599 421 1628,Maying,China,CN
563,Vanya,Seyfart,vseyfartfm,+55 883 850 7209,Miguel Calmon,Brazil,BR
564,Warde,Bolino,wbolinofn,+86 636 649 3947,Ningdun,China,CN
565,Prent,Beushaw,pbeushawfo,+86 178 177 7397,Shatian,China,CN
566,Stacee,Hallgath,shallgathfp,+7 573 838 7884,Vostryakovo,Russia,RU
567,Tallia,Brunskill,tbrunskillfq,+86 963 612 0437,Xuetian,China,CN
568,Seana,Cake,scakefr,+86 819 577 6009,Taiba,China,CN
569,Arte,Foale,afoalefs,+7 534 516 1146,Staraya Mayna,Russia,RU
570,Kathryn,Hammor,khammorft,+7 927 374 5089,Vol’sk,Russia,RU
571,Rahal,Petrusch,rpetruschfu,+86 904 257 4589,Yangchun,China,CN
572,Clarie,Ebbetts,cebbettsfv,+86 795 206 2864,Xiangrong,China,CN
573,Hugo,Kneafsey,hkneafseyfw,+86 169 921 4369,Huangjiazhai,China,CN
574,Valerie,Flowerdew,vflowerdewfx,+86 766 352 1505,Nanjin,China,CN
575,Carlyle,Kirkness,ckirknessfy,+86 174 181 6369,Sihai,China,CN
576,George,Wretham,gwrethamfz,+46 904 137 0135,Stockholm,Sweden,SE
577,Belinda,Wilden,bwildeng0,+86 392 627 9140,Henglishan,China,CN
578,Maje,Sloley,msloleyg1,+7 332 617 5392,Verkhniy Lomov,Russia,RU
579,Rosabelle,Ligertwood,rligertwoodg2,+55 975 696 9868,Itaguaí,Brazil,BR
580,Brietta,Feathers,bfeathersg3,+1 804 351 7251,Hampton,United States,US
581,Wash,Pepper,wpepperg4,+86 147 386 4524,Ala,China,CN
582,Cordi,Winram,cwinramg5,+86 761 684 5406,Tangga’an,China,CN
583,Melany,Lakes,mlakesg6,+55 310 115 6223,Paraty,Brazil,BR
584,Lorilee,Forre,lforreg7,+86 272 661 0451,Qiuchuan,China,CN
585,Rosemary,Stannas,rstannasg8,+55 189 929 7055,Parobé,Brazil,BR
586,Annecorinne,Yele,ayeleg9,+86 334 453 7117,Haoraoshan,China,CN
587,Freda,Cowe,fcowega,+1 441 433 9182,St. Catharines,Canada,CA
588,Vale,Bagshaw,vbagshawgb,+55 126 678 6065,Mariana,Brazil,BR
589,Renee,Dansey,rdanseygc,+86 536 244 7861,Hongshanyao,China,CN
590,Skipper,Crompton,scromptongd,+55 486 940 7980,Iperó,Brazil,BR
591,Ammamaria,Kacheller,akachellerge,+46 418 809 1993,Oxelösund,Sweden,SE
592,Beitris,Midgely,bmidgelygf,+33 991 974 6956,Lille,France,FR
593,Angel,Deaconson,adeaconsongg,+86 595 160 7714,Meizhuang,China,CN
594,Virgil,Roache,vroachegh,+7 495 423 9784,Sokol’niki,Russia,RU
595,Jerrylee,Klasen,jklasengi,+33 585 956 7171,Tassin-la-Demi-Lune,France,FR
596,Tamiko,Foltin,tfoltingj,+46 753 228 1501,Degerfors,Sweden,SE
597,Milzie,Elgar,melgargk,+86 839 307 0618,Ebu,China,CN
598,Blinni,Gilhooly,bgilhoolygl,+86 751 283 6784,Yanwo,China,CN
599,Darwin,Tolotti,dtolottigm,+86 575 449 2430,Mozi,China,CN
600,Lief,De Hooch,ldehoochgn,+86 688 606 1117,Huazhou,China,CN
601,Lizzy,McGurgan,lmcgurgango,+33 969 400 9267,Évreux,France,FR
602,Asa,Adnam,aadnamgp,+46 788 186 4042,Sundbyberg,Sweden,SE
603,Alix,Szymanowski,aszymanowskigq,+86 862 120 7310,Dinggou,China,CN
604,Elbert,Haggish,ehaggishgr,+86 924 603 2568,Luyi,China,CN
605,Debi,Tine,dtinegs,+86 228 693 2535,Wangzuo,China,CN
606,Fitzgerald,Hillatt,fhillattgt,+86 945 547 0030,Anping,China,CN
607,Crosby,Bouzan,cbouzangu,+33 784 261 0951,Aulnay-sous-Bois,France,FR
608,Caril,Portingale,cportingalegv,+33 600 263 8077,Aime,France,FR
609,Reinhold,Longley,rlongleygw,+27 632 487 7195,Beaufort West,South Africa,ZA
610,Harri,Giacoboni,hgiacobonigx,+7 871 959 5662,Pitkyaranta,Russia,RU
611,Shay,Gecke,sgeckegy,+86 371 542 3429,Huangli,China,CN
612,Frayda,Szymonwicz,fszymonwiczgz,+86 700 727 4242,Xiayang,China,CN
613,Fionna,Jaggli,fjagglih0,+1 236 244 1185,Okotoks,Canada,CA
614,Tressa,Klaves,tklavesh1,+86 466 699 3899,Xiadahe,China,CN
615,Alexandro,Deathridge,adeathridgeh2,+86 172 218 1016,Taoyuan,China,CN
616,Portia,Sweet,psweeth3,+86 237 658 5439,Huangchen,China,CN
617,Lemuel,O'Fallone,lofalloneh4,+86 558 884 4334,Dong’an,China,CN
618,Aaren,Gerram,agerramh5,+33 617 940 0858,Orléans,France,FR
619,Blanche,Haddington,bhaddingtonh6,+1 607 545 1533,Carbonear,Canada,CA
620,Elsinore,Nolleth,enollethh7,+27 251 788 0714,Paarl,South Africa,ZA
621,Shanan,Mor,smorh8,+86 145 474 1166,Shi’an,China,CN
622,Raeann,Blackborough,rblackboroughh9,+86 793 149 6649,Shuangpengxi,China,CN
623,Staffard,MacAnelley,smacanelleyha,+33 326 856 0597,Créteil,France,FR
624,Fairleigh,Maffulli,fmaffullihb,+46 556 192 4101,Solna,Sweden,SE
625,Livvy,Doul,ldoulhc,+86 313 886 7672,Jingzhou,China,CN
626,Billy,Juorio,bjuoriohd,+1 206 817 5175,Bellevue,United States,US
627,Goddard,Benz,gbenzhe,+86 329 174 1698,Jindu,China,CN
628,Tobin,Somner,tsomnerhf,+86 972 496 5158,Kutao,China,CN
629,Chariot,Gaiter,cgaiterhg,+1 513 592 4863,Cincinnati,United States,US
630,Byrle,Bradshaw,bbradshawhh,+33 832 909 9790,Annecy-le-Vieux,France,FR
631,Marthena,Yaus,myaushi,+7 318 171 7477,Charyshskoye,Russia,RU
632,Daniela,Fere,dferehj,+33 889 525 5769,Montluel,France,FR
633,Corrie,Knowlys,cknowlyshk,+1 415 447 1932,San Francisco,United States,US
634,Gris,Convery,gconveryhl,+86 129 377 3966,Shuangyang,China,CN
635,Beatrix,Jurkiewicz,bjurkiewiczhm,+86 823 471 5147,Baitouli,China,CN
636,Zuzana,Greatland,zgreatlandhn,+46 715 116 5868,Skärholmen,Sweden,SE
637,Elvera,Giraudoux,egiraudouxho,+86 303 385 2456,Gaoling,China,CN
638,Boycey,Flook,bflookhp,+7 716 645 3356,Lopatinskiy,Russia,RU
639,Keary,Kenealy,kkenealyhq,+7 529 244 8634,Obolensk,Russia,RU
640,Delphinia,Sams,dsamshr,+86 600 929 7353,Xinxing,China,CN
641,Athena,Scouller,ascoullerhs,+55 406 134 8963,Bebedouro,Brazil,BR
642,Sig,Worsnup,sworsnupht,+33 877 343 4250,Creil,France,FR
643,Albert,Heads,aheadshu,+86 950 145 1368,Guishan,China,CN
644,Orin,Warne,owarnehv,+33 868 765 6195,Maisons-Alfort,France,FR
645,Rocky,Coughlan,rcoughlanhw,+7 179 271 3483,Preobrazheniye,Russia,RU
646,Ermentrude,Cram,ecramhx,+86 754 355 8039,Langtou,China,CN
647,Field,Fraanchyonok,ffraanchyonokhy,+33 645 666 2921,Versailles,France,FR
648,Waiter,Richemont,wrichemonthz,+33 675 146 4921,Saint-Claude,France,FR
649,Inger,Ledington,iledingtoni0,+86 167 180 4076,Liutangting,China,CN
650,Isidore,Letrange,iletrangei1,+86 899 170 0448,Xuelu,China,CN
651,Clarisse,Shaw,cshawi2,+55 576 415 4801,Alegre,Brazil,BR
652,Andeee,Roskruge,aroskrugei3,+1 259 610 2174,Lloydminster,Canada,CA
653,Mathew,Perle,mperlei4,+46 630 633 8098,Charlottenberg,Sweden,SE
654,Gherardo,Patinkin,gpatinkini5,+55 425 714 4185,Santo Estêvão,Brazil,BR
655,Paola,Banaszczyk,pbanaszczyki6,+55 377 142 3211,São João Nepomuceno,Brazil,BR
656,Benedetta,Risby,brisbyi7,+33 337 469 1184,Aubergenville,France,FR
657,Binni,Foord,bfoordi8,+86 100 107 6150,Ganfang,China,CN
658,Colleen,Ewing,cewingi9,+86 801 236 6146,Miaoling,China,CN
659,Ave,Trillow,atrillowia,+86 224 963 5083,Heping,China,CN
660,Tilda,Swettenham,tswettenhamib,+7 765 708 7499,Novomichurinsk,Russia,RU
661,Gregor,Hullins,ghullinsic,+86 429 194 7385,Luocheng,China,CN
662,Ramonda,Meus,rmeusid,+86 338 958 2887,Maogou,China,CN
663,Dell,De Atta,ddeattaie,+7 836 655 4700,Yermish’,Russia,RU
664,Quinn,Cocher,qcocherif,+86 509 648 1488,Cuozheqiangma,China,CN
665,Annice,Astupenas,aastupenasig,+86 681 233 0255,Baoshi,China,CN
666,Kelby,Brambill,kbrambillih,+86 948 535 5265,Dawang,China,CN
667,Corette,Arnaldi,carnaldiii,+86 532 545 2694,Nalinggou,China,CN
668,Tiffanie,Nolton,tnoltonij,+46 735 683 3604,Filipstad,Sweden,SE
669,Pippy,Bourthouloume,pbourthouloumeik,+86 669 334 6254,Xibin,China,CN
670,Che,Doggart,cdoggartil,+86 176 936 0820,Jieshi,China,CN
671,Colline,Olufsen,colufsenim,+86 656 505 0247,Qinghua,China,CN
672,Benn,Wheater,bwheaterin,+86 438 556 8273,Geji,China,CN
673,Erroll,Bick,ebickio,+1 259 123 7326,Chase,Canada,CA
674,Madelaine,Ingray,mingrayip,+86 113 530 9318,Haoxin,China,CN
675,Babara,Pittham,bpitthamiq,+55 547 902 3829,Barão de Cocais,Brazil,BR
676,Ethelred,Jeduch,ejeduchir,+46 827 604 0547,Bollnäs,Sweden,SE
677,Giavani,Satteford,gsattefordis,+1 214 452 2558,Dallas,United States,US
678,Tracy,Slocomb,tslocombit,+46 519 988 8957,Stockholm,Sweden,SE
679,Tiffany,Danieli,tdanieliiu,+86 127 857 4400,Baziqiao,China,CN
680,Gunner,Shute,gshuteiv,+33 424 352 1198,Arpajon,France,FR
681,Minnie,Lindsey,mlindseyiw,+86 457 586 0647,Yacheng,China,CN
682,Dov,Prazor,dprazorix,+1 323 629 4720,Pasadena,United States,US
683,Darb,Cranstoun,dcranstouniy,+46 101 941 0603,Hörby,Sweden,SE
684,Killy,Ashleigh,kashleighiz,+86 986 964 6560,Duozhu,China,CN
685,Ricky,Hastie,rhastiej0,+46 413 613 0840,Växjö,Sweden,SE
686,Suzanne,Dumblton,sdumbltonj1,+86 709 345 7966,Cengjia,China,CN
687,Charleen,Stammirs,cstammirsj2,+7 216 101 8648,Staropyshminsk,Russia,RU
688,Danila,Minchinton,dminchintonj3,+7 188 947 5068,Lyskovo,Russia,RU
689,Angy,Hamilton,ahamiltonj4,+1 873 307 9887,Fruitvale,Canada,CA
690,Melany,Guerner,mguernerj5,+86 437 277 5442,Hongkou,China,CN
691,Sylvan,McGrail,smcgrailj6,+86 134 687 8968,Shankeng,China,CN
692,Rinaldo,Molson,rmolsonj7,+7 513 880 4511,Aban,Russia,RU
693,Stearne,O'Hannigan,sohanniganj8,+1 718 462 0671,Bronx,United States,US
694,Truman,Linzee,tlinzeej9,+86 337 635 5522,Tongli,China,CN
695,Massimiliano,Fowle,mfowleja,+86 463 637 6137,Yongchuan,China,CN
696,Ellynn,Nossent,enossentjb,+33 253 497 4979,Paris 20,France,FR
697,Sabina,Clappson,sclappsonjc,+86 938 984 1263,Nanxing,China,CN
698,Merlina,Targett,mtargettjd,+55 640 851 5473,Uarini,Brazil,BR
699,Tobias,Buckett,tbuckettje,+7 205 189 6049,Reshetikha,Russia,RU
700,Hardy,Headland,hheadlandjf,+7 178 757 2594,Sergiyev Posad,Russia,RU
701,Hilda,Foyle,hfoylejg,+86 778 376 9000,Fengshan,China,CN
702,Perry,Dutson,pdutsonjh,+1 941 457 2027,Bradenton,United States,US
703,Abbey,Autry,aautryji,+86 494 876 7237,Dalang,China,CN
704,Eldredge,Borlease,eborleasejj,+86 174 198 5441,Heshengbao,China,CN
705,Jaimie,Kiddey,jkiddeyjk,+86 296 881 2664,Duqiao,China,CN
706,Xenia,Middlewick,xmiddlewickjl,+7 464 748 4208,Sarany,Russia,RU
707,Martita,Sawkin,msawkinjm,+86 970 363 8294,Hengjiang,China,CN
708,Fredrick,Comsty,fcomstyjn,+46 895 474 5747,Mjölby,Sweden,SE
709,Brett,Curryer,bcurryerjo,+46 790 383 1197,Örebro,Sweden,SE
710,Adrian,Pydcock,apydcockjp,+86 584 522 1737,Xinsheng,China,CN
711,Christa,Brixey,cbrixeyjq,+33 701 564 4148,Charenton-le-Pont,France,FR
712,Jillian,Goodband,jgoodbandjr,+7 590 211 8435,Gimry,Russia,RU
713,Brandy,Lake,blakejs,+86 208 913 8760,Wanling,China,CN
714,Matt,Pragnell,mpragnelljt,+7 742 546 6268,Vologda,Russia,RU
715,Meaghan,Helling,mhellingju,+86 885 380 9519,Luwu,China,CN
716,Petra,Bulger,pbulgerjv,+86 698 637 8059,Dogarmo,China,CN
717,Andros,McCuaig,amccuaigjw,+33 429 634 4214,Châteaudun,France,FR
718,Vivie,Lapree,vlapreejx,+7 181 259 7356,Chaplygin,Russia,RU
719,Ulla,Bohlmann,ubohlmannjy,+46 943 159 1780,Jönköping,Sweden,SE
720,Freeland,Fewtrell,ffewtrelljz,+86 737 755 0519,Baofeng,China,CN
721,Virginia,Chapelhow,vchapelhowk0,+55 523 821 0256,Guaiúba,Brazil,BR
722,Athena,Danielis,adanielisk1,+7 533 882 0826,Sosnovka,Russia,RU
723,Marlena,McCumskay,mmccumskayk2,+55 341 708 5747,Três Pontas,Brazil,BR
724,Patin,Willoughway,pwilloughwayk3,+7 903 783 7275,Tyarlevo,Russia,RU
725,Ford,Strotone,fstrotonek4,+33 943 389 9152,Nancy,France,FR
726,Jay,Hyett,jhyettk5,+46 307 658 7871,Tumba,Sweden,SE
727,Cinderella,Neumann,cneumannk6,+86 894 228 2404,Dawusu,China,CN
728,Lauretta,Huws,lhuwsk7,+86 607 691 3327,Yingpu,China,CN
729,Rita,Dipple,rdipplek8,+86 877 650 9812,Qiakeri,China,CN
730,Aileen,Coviello,acoviellok9,+7 834 436 6546,Mindyak,Russia,RU
731,Miran,Gainsford,mgainsfordka,+7 712 747 6441,Firovo,Russia,RU
732,Marley,Danks,mdankskb,+33 667 121 9837,Cluses,France,FR
733,Willow,Dimsdale,wdimsdalekc,+86 393 277 5268,Fengcheng,China,CN
734,Auguste,Arnal,aarnalkd,+33 555 268 3682,Guebwiller,France,FR
735,Harald,Jobling,hjoblingke,+86 488 563 1165,Jinping,China,CN
736,Mariette,Melrose,mmelrosekf,+55 199 149 7350,Santo Antônio do Içá,Brazil,BR
737,Gabriele,Huton,ghutonkg,+55 511 555 7365,São Sebastião do Caí,Brazil,BR
738,Vernen,Hyde-Chambers,vhydechamberskh,+33 128 120 4230,Bezons,France,FR
739,Roberto,Merritt,rmerrittki,+7 594 403 6929,Yekaterinovka,Russia,RU
740,Ezri,Kalberer,ekalbererkj,+33 279 692 0253,Paris 10,France,FR
741,Hilda,Cuddehay,hcuddehaykk,+33 271 797 7120,Perpignan,France,FR
742,Mischa,Sorley,msorleykl,+7 339 276 2820,Vakhtan,Russia,RU
743,Nita,Meade,nmeadekm,+86 130 294 8313,Caoping,China,CN
744,Cindi,Threader,cthreaderkn,+86 344 352 0544,Jingning Chengguanzhen,China,CN
745,Betsey,Bonevant,bbonevantko,+86 955 789 0860,Yuanba,China,CN
746,Orsa,Arundel,oarundelkp,+33 918 576 4574,Domont,France,FR
747,Jackelyn,Roscamps,jroscampskq,+55 828 129 7012,Salinas,Brazil,BR
748,Sutherland,Kimmitt,skimmittkr,+86 670 145 3155,Weishanzhuang,China,CN
749,Micki,Selvester,mselvesterks,+86 782 745 9762,Huya,China,CN
750,Pandora,Malmar,pmalmarkt,+7 618 192 7177,Itatskiy,Russia,RU
751,Lemmy,O' Cuolahan,locuolahanku,+46 596 558 8692,Stockholm,Sweden,SE
752,Pyotr,Blincoe,pblincoekv,+55 510 710 9624,Pinheiro Machado,Brazil,BR
753,Drusy,Snartt,dsnarttkw,+1 970 606 4015,Grand Junction,United States,US
754,Mame,Jollands,mjollandskx,+33 116 414 7665,Sarlat-la-Canéda,France,FR
755,Ive,Angrave,iangraveky,+33 908 303 7737,Évry,France,FR
756,Caye,Johnigan,cjohnigankz,+7 623 457 5651,Shakhty,Russia,RU
757,Kipp,Bottjer,kbottjerl0,+7 293 186 1259,Sokol,Russia,RU
758,Jessalin,Ibbison,jibbisonl1,+7 628 328 0747,Sudislavl’,Russia,RU
759,Sharia,Skym,sskyml2,+1 284 656 3812,Fairview,Canada,CA
760,Cosmo,Dunlea,cdunleal3,+86 924 943 6559,Gaoping,China,CN
761,Murdock,Grendon,mgrendonl4,+86 338 642 8938,Yag La,China,CN
762,Damian,Littefair,dlittefairl5,+55 258 909 9327,Penha,Brazil,BR
763,Amabel,Burdikin,aburdikinl6,+33 843 556 4172,Tournon-sur-Rhône,France,FR
764,Hildy,Beden,hbedenl7,+86 464 945 5606,Shiqiao,China,CN
765,Kort,Pirozzi,kpirozzil8,+86 306 171 2814,Wuquan,China,CN
766,Meghann,Speller,mspellerl9,+7 141 457 3061,Cherskiy,Russia,RU
767,Stephana,Jordin,sjordinla,+86 867 177 9825,Benhong,China,CN
768,Armando,Di Napoli,adinapolilb,+1 483 974 0322,Notre-Dame-des-Prairies,Canada,CA
769,Isaak,Gummow,igummowlc,+1 661 202 6094,Lancaster,United States,US
770,Lorianne,Riche,lricheld,+7 357 712 2085,Kuznechnoye,Russia,RU
771,Papageno,Cuerdale,pcuerdalele,+86 909 724 5951,Hengshui,China,CN
772,Jammal,Edds,jeddslf,+1 512 415 7159,Austin,United States,US
773,Sherline,Rany,sranylg,+46 501 859 6916,Skoghall,Sweden,SE
774,Jaimie,Fenlon,jfenlonlh,+1 300 132 1696,Weyburn,Canada,CA
775,Margit,Cirlos,mcirlosli,+86 550 118 2737,Shaxi,China,CN
776,Eda,De Bell,edebelllj,+7 414 603 4106,Georgiyevka,Russia,RU
777,Alyce,Thecham,athechamlk,+86 124 796 8504,Yangji,China,CN
778,Haydon,Pavitt,hpavittll,+86 169 837 4714,Andongwei,China,CN
779,Staford,Rickards,srickardslm,+86 540 815 5672,Chencai,China,CN
780,Garrik,Cullagh,gcullaghln,+86 114 624 2057,Zhongshanlu,China,CN
781,Annalise,Fuggle,afugglelo,+86 787 160 1697,Chaoyangdong,China,CN
782,Brodie,Lampbrecht,blampbrechtlp,+33 472 863 7393,Golbey,France,FR
783,Arly,Allcroft,aallcroftlq,+86 704 998 1206,Heilangkou,China,CN
784,Gal,Abbiss,gabbisslr,+55 462 566 9698,São Vicente,Brazil,BR
785,Taffy,Braven,tbravenls,+7 701 744 7599,Korenëvo,Russia,RU
786,Marty,Doughill,mdoughilllt,+86 330 282 5318,Dagsar,China,CN
787,Tiphanie,Foyster,tfoysterlu,+33 704 758 8053,Bry-sur-Marne,France,FR
788,Nikolai,Johnke,njohnkelv,+86 667 704 4321,Sanchahe,China,CN
789,Wren,Paszek,wpaszeklw,+86 841 920 9285,Lanlongkou,China,CN
790,Rosmunda,Lardeur,rlardeurlx,+86 873 900 4277,Hongdun,China,CN
791,Gratiana,Checcuzzi,gcheccuzzily,+1 887 468 6473,Grande Prairie,Canada,CA
792,Gherardo,Ferries,gferrieslz,+86 893 284 8780,Xijiang,China,CN
793,Dennie,Joselevitch,djoselevitchm0,+55 648 161 3114,Taquaritinga,Brazil,BR
794,Raimund,Earwicker,rearwickerm1,+55 550 381 1997,Camaçari,Brazil,BR
795,Ephraim,Kirgan,ekirganm2,+86 648 954 4340,Youzai,China,CN
796,Valentine,Dzeniskevich,vdzeniskevichm3,+33 114 196 7263,Villejuif,France,FR
797,Rice,Claxson,rclaxsonm4,+33 221 915 7306,Houilles,France,FR
798,Harrison,Zamorano,hzamoranom5,+86 817 367 6437,Nankai,China,CN
799,Lorain,Burren,lburrenm6,+86 899 368 4030,Jiangwan,China,CN
800,Asia,Crichmere,acrichmerem7,+86 910 173 1253,Pucheng,China,CN
801,Freddy,Oattes,foattesm8,+86 284 172 5479,Gangmian,China,CN
802,Halette,Skoggings,hskoggingsm9,+86 769 640 3911,Shagang,China,CN
803,Hadria,Titchard,htitchardma,+55 897 806 2813,Tabatinga,Brazil,BR
804,Hillary,Bridgett,hbridgettmb,+86 626 505 9072,Jiadingzhen,China,CN
805,Shelley,Goodday,sgooddaymc,+86 574 391 3180,Xiaojing,China,CN
806,Priscilla,Dearsley,pdearsleymd,+86 374 576 5736,Longba,China,CN
807,Annnora,Bass,abassme,+55 446 361 6933,Paty do Alferes,Brazil,BR
808,Mariana,Crellin,mcrellinmf,+33 295 865 2288,Orléans,France,FR
809,Nathanial,Gamage,ngamagemg,+55 533 669 4369,União,Brazil,BR
810,Jamie,Holsall,jholsallmh,+33 329 257 4470,Montauban,France,FR
811,Elysha,Rawe,erawemi,+55 925 409 8436,Itapetinga,Brazil,BR
812,Willdon,Brogi,wbrogimj,+86 121 344 5756,Linzi,China,CN
813,Kettie,Jandera,kjanderamk,+33 697 597 9751,Limoges,France,FR
814,Eloisa,Ysson,eyssonml,+86 610 506 5073,Xiyuan,China,CN
815,Balduin,Maffeo,bmaffeomm,+1 736 559 5622,Kapuskasing,Canada,CA
816,Christophorus,Lamplugh,clamplughmn,+86 645 689 1298,Quzhou,China,CN
817,Seumas,Duding,sdudingmo,+86 429 585 6505,Caohezhang,China,CN
818,Reed,Curuclis,rcuruclismp,+86 618 556 6041,Maojiagang,China,CN
819,Tobey,Jervois,tjervoismq,+86 898 238 2839,Xiajiashan,China,CN
820,Towney,Cops,tcopsmr,+46 400 917 1897,Stockholm,Sweden,SE
821,Mercedes,Heis,mheisms,+86 983 967 5468,Hanban,China,CN
822,Bernadette,Yankov,byankovmt,+86 855 137 4399,Weifen,China,CN
823,Aubrey,Moubray,amoubraymu,+86 879 889 5152,Mizi,China,CN
824,Bucky,Scrooby,bscroobymv,+86 593 654 3662,Sanlei,China,CN
825,Rozella,Fittes,rfittesmw,+86 685 108 0813,Shiniu,China,CN
826,Cheryl,Gregore,cgregoremx,+86 370 540 8596,Wenping,China,CN
827,Toddie,Baack,tbaackmy,+86 544 292 9577,Taoyuan,China,CN
828,Darice,McIntosh,dmcintoshmz,+46 983 928 4108,Mjölby,Sweden,SE
829,Granthem,Dible,gdiblen0,+86 723 139 4402,Nyinqug,China,CN
830,Livy,Bumfrey,lbumfreyn1,+86 162 117 3772,Huanglin,China,CN
831,Odie,O'Doohaine,oodoohainen2,+86 835 330 9768,Jinjiang,China,CN
832,Earle,Bedell,ebedelln3,+55 398 325 8219,Ouro Preto,Brazil,BR
833,Perice,Jaggs,pjaggsn4,+86 894 345 3416,Shanmei,China,CN
834,Salome,Lamminam,slamminamn5,+7 505 600 7571,Yubileyny,Russia,RU
835,Claybourne,Agastina,cagastinan6,+86 529 609 1019,Hushan,China,CN
836,Orsola,Maris,omarisn7,+86 604 847 6158,Luofang,China,CN
837,Keane,Lashmar,klashmarn8,+86 604 175 8620,Dongxiao,China,CN
838,Ailis,Hussell,ahusselln9,+86 258 794 8729,Guandu,China,CN
839,Urbano,Gallichan,ugallichanna,+86 914 837 1170,Jiulongshan,China,CN
840,Rebbecca,Philbin,rphilbinnb,+1 510 369 3867,Richmond,United States,US
841,Angelica,Alelsandrowicz,aalelsandrowicznc,+55 533 314 7525,Firminópolis,Brazil,BR
842,Tim,MacAndie,tmacandiend,+86 178 396 0153,Pingle,China,CN
843,Anatole,Dudney,adudneyne,+86 270 794 4716,Daogao,China,CN
844,Leonidas,Phillip,lphillipnf,+86 622 847 7220,Zhenchuan,China,CN
845,Ilaire,Rhoades,irhoadesng,+86 202 810 9795,Hehe,China,CN
846,Heidie,Gresham,hgreshamnh,+86 271 283 1626,Xuanma,China,CN
847,Hiram,Tuke,htukeni,+7 628 380 5260,Povenets,Russia,RU
848,Olenolin,Lehrian,olehriannj,+86 282 360 4948,Jingzhuang,China,CN
849,Karla,Cropton,kcroptonnk,+86 781 999 1024,Jianshan,China,CN
850,Lyell,Emmison,lemmisonnl,+55 750 313 0485,Itatiba,Brazil,BR
851,Ramonda,Rodriguez,rrodrigueznm,+33 690 114 6648,Étampes,France,FR
852,Brennan,Bridgman,bbridgmannn,+86 359 727 4220,Hohhot,China,CN
853,Annetta,Coleman,acolemanno,+27 853 225 1950,Pofadder,South Africa,ZA
854,Rollie,Daish,rdaishnp,+86 490 621 4315,Zhongnan,China,CN
855,Katina,Berisford,kberisfordnq,+55 961 280 6969,Itapecerica da Serra,Brazil,BR
856,Carie,Golby,cgolbynr,+86 355 242 5980,Daxindian,China,CN
857,Sam,Mersh,smershns,+86 270 765 7722,Dongzaogang,China,CN
858,Terencio,Pert,tpertnt,+86 811 127 8505,Guodu,China,CN
859,Leicester,Pawlaczyk,lpawlaczyknu,+86 596 515 4465,Hongcheng,China,CN
860,Zebedee,Greensite,zgreensitenv,+46 193 550 2743,Stockholm,Sweden,SE
861,Byram,Hould,bhouldnw,+86 521 428 3054,Shiling,China,CN
862,Janeczka,Duckers,jduckersnx,+7 161 400 6064,Kukoboy,Russia,RU
863,Lenna,Lait,llaitny,+86 631 105 2127,Bailai,China,CN
864,Ignacius,Reville,irevillenz,+86 988 339 2045,Baixi,China,CN
865,Minne,Moulsdale,mmoulsdaleo0,+46 889 357 8269,Göteborg,Sweden,SE
866,Dorrie,MacKettrick,dmackettricko1,+86 805 507 0202,Xiaxi,China,CN
867,Clea,Strafford,cstraffordo2,+46 887 958 2283,Habo,Sweden,SE
868,Gail,Abramovitz,gabramovitzo3,+55 400 318 2938,São Mateus do Sul,Brazil,BR
869,Weidar,O'Hartigan,wohartigano4,+33 859 102 1215,Vineuil,France,FR
870,Tamqrah,Gierck,tgiercko5,+86 768 404 7641,Shangmachang,China,CN
871,Elsie,Deval,edevalo6,+7 654 582 9921,Uchaly,Russia,RU
872,Brandie,Furby,bfurbyo7,+86 153 305 7042,Xinxu,China,CN
873,Jenn,Ciciari,jciciario8,+86 645 147 0336,Magitang,China,CN
874,Othello,Brackstone,obrackstoneo9,+86 762 806 3134,Yantai,China,CN
875,Ruperta,Soots,rsootsoa,+86 731 912 5830,Sanhe,China,CN
876,Zeke,Fakes,zfakesob,+61 747 808 8154,Hobart,Australia,AU
877,Lew,Yell,lyelloc,+7 341 269 6533,Yanino Vtoroye,Russia,RU
878,Granger,Bligh,gblighod,+86 600 649 6070,Chedao,China,CN
879,Urbano,Edwin,uedwinoe,+86 328 453 3485,Chengnan,China,CN
880,Mattie,Beininck,mbeininckof,+86 253 496 7878,Baishi,China,CN
881,Hagen,Grimsley,hgrimsleyog,+86 810 760 1247,Zhangguanying,China,CN
882,Beckie,Matzkaitis,bmatzkaitisoh,+86 697 394 1726,Huquan,China,CN
883,Lois,Mucillo,lmucillooi,+1 352 755 8781,Ocala,United States,US
884,Jeremy,Dungate,jdungateoj,+55 914 939 9937,Jaguariaíva,Brazil,BR
885,Harlen,Anning,hanningok,+7 705 690 0550,Zhukovskiy,Russia,RU
886,Pearline,Butters,pbuttersol,+86 419 391 7102,Yangping,China,CN
887,Guss,Hartmann,ghartmannom,+46 849 987 2668,Kilafors,Sweden,SE
888,Andrej,Ropkins,aropkinson,+55 602 898 9165,Paiçandu,Brazil,BR
889,Brietta,Schwerin,bschwerinoo,+7 954 496 1772,Novokizhinginsk,Russia,RU
890,Xenos,Seadon,xseadonop,+33 233 242 0301,Béthune,France,FR
891,Myrtie,Larkkem,mlarkkemoq,+1 641 652 4328,Amos,Canada,CA
892,Laird,Sarfat,lsarfator,+86 707 670 0783,Tianyu,China,CN
893,Meghan,Meighan,mmeighanos,+33 253 222 4943,Port-de-Bouc,France,FR
894,Bartie,Senyard,bsenyardot,+86 885 750 0706,Taifu,China,CN
895,Danette,Foran,dforanou,+1 732 359 3014,Aldergrove,Canada,CA
896,Concordia,Dyka,cdykaov,+55 607 913 3428,Catolé do Rocha,Brazil,BR
897,Codi,Edrich,cedrichow,+27 528 399 6135,Graksop,South Africa,ZA
898,Blanche,Pantry,bpantryox,+1 757 439 3799,Newport News,United States,US
899,Colman,Sparke,csparkeoy,+7 314 741 6179,Oktyabr’skiy,Russia,RU
900,Christalle,Flaws,cflawsoz,+55 580 579 4505,Rio das Pedras,Brazil,BR
901,Christiane,Haskins,chaskinsp0,+86 330 120 3692,Jinzhou,China,CN
902,Vergil,Hulkes,vhulkesp1,+86 225 130 4436,Guanyinsi,China,CN
903,Milzie,Walklot,mwalklotp2,+86 878 802 1212,Huoli,China,CN
904,Lillian,Dann,ldannp3,+1 502 199 6312,Louisville,United States,US
905,Faustina,Simoes,fsimoesp4,+86 424 852 3121,Yanjiang,China,CN
906,Camila,Cosgriff,ccosgriffp5,+7 403 131 5360,Sergeyevka,Russia,RU
907,Christoper,McGeorge,cmcgeorgep6,+86 964 908 4279,Liangyaping,China,CN
908,Iolande,Stickel,istickelp7,+55 807 161 9630,Marco,Brazil,BR
909,Ximenes,Londsdale,xlondsdalep8,+86 160 641 4414,Doumuhu,China,CN
910,Del,Keoghane,dkeoghanep9,+86 539 737 5745,Lincuo,China,CN
911,Warren,Dumberell,wdumberellpa,+55 720 661 2794,Arroio Grande,Brazil,BR
912,Rivy,Plaschke,rplaschkepb,+86 536 582 6268,Dongzha,China,CN
913,Oren,Gudyer,ogudyerpc,+7 554 421 4033,Okhansk,Russia,RU
914,Donielle,Hollebon,dhollebonpd,+55 724 495 4052,Rondonópolis,Brazil,BR
915,Mommy,Vinsen,mvinsenpe,+33 401 202 1599,Lyon,France,FR
916,Barclay,Jacobsson,bjacobssonpf,+86 973 877 4996,Hetou,China,CN
917,Mellie,Grammer,mgrammerpg,+55 571 869 4479,Santa Helena,Brazil,BR
918,Marty,Reichardt,mreichardtph,+86 537 722 6559,Jiaoqiao,China,CN
919,Corrine,Found,cfoundpi,+7 478 685 7025,Tver,Russia,RU
920,Coriss,Riglesford,criglesfordpj,+1 315 565 6314,Saint Andrews,Canada,CA
921,Scarface,Milillo,smilillopk,+7 921 509 3946,Zvëzdnyy,Russia,RU
922,Meghan,Norton,mnortonpl,+55 993 408 9721,Palmeira,Brazil,BR
923,Gilda,Jagg,gjaggpm,+7 217 802 0012,Burevestnik,Russia,RU
924,Ellsworth,Atwel,eatwelpn,+86 159 948 8513,Qinlan,China,CN
925,Elna,Di Lucia,ediluciapo,+230 776 855 6356,Amaury,Mauritius,MU
926,Kelsy,Cleatherow,kcleatherowpp,+7 904 446 2570,Shaami-Yurt,Russia,RU
927,Alfonso,Frid,afridpq,+86 861 479 6594,Shazikou,China,CN
928,Krishnah,Francescone,kfrancesconepr,+1 612 192 7858,Minneapolis,United States,US
929,Sara,McGillivrie,smcgillivrieps,+86 751 361 6219,Changqi,China,CN
930,Terrie,Astlatt,tastlattpt,+1 360 516 2249,Olympia,United States,US
931,Ulrikaumeko,Malser,umalserpu,+1 404 807 8949,Atlanta,United States,US
932,Rock,Regan,rreganpv,+7 949 284 0946,Nagorsk,Russia,RU
933,Bell,Lilian,blilianpw,+86 326 678 7698,Chengzhong,China,CN
934,Ivar,Bicknell,ibicknellpx,+86 783 660 0998,Beiyang,China,CN
935,Martie,Anear,manearpy,+86 894 210 9332,Guanmian,China,CN
936,Katina,Thunnerclef,kthunnerclefpz,+61 442 724 6359,Sydney,Australia,AU
937,Chaddy,Quartermain,cquartermainq0,+55 383 939 3537,Demerval Lobão,Brazil,BR
938,Mayne,Giocannoni,mgiocannoniq1,+86 525 218 3409,Zhongcheng,China,CN
939,Barret,Daymont,bdaymontq2,+86 780 512 1528,Wanfang,China,CN
940,Beilul,Bicheno,bbichenoq3,+86 649 525 4495,Handegate,China,CN
941,Nan,Gallihawk,ngallihawkq4,+55 195 534 4701,Itabirito,Brazil,BR
942,Celeste,Ladyman,cladymanq5,+86 214 699 0310,Jiefu,China,CN
943,Crissie,Faier,cfaierq6,+86 426 772 1051,Hele,China,CN
944,Hedvig,MacAvddy,hmacavddyq7,+86 614 915 0238,Shimen,China,CN
945,Nicholas,Eastgate,neastgateq8,+33 532 143 1295,Soisy-sous-Montmorency,France,FR
946,Jeana,Poynzer,jpoynzerq9,+86 721 680 2215,Wan’an,China,CN
947,Theresita,Pernell,tpernellqa,+7 418 911 0018,Novopodrezkovo,Russia,RU
948,Daryn,Bonome,dbonomeqb,+86 627 478 0188,Shuangyuan,China,CN
949,Bobbee,Crab,bcrabqc,+86 216 169 6796,Fuxin,China,CN
950,Rex,Van Weedenburg,rvanweedenburgqd,+1 796 716 7482,Victoriaville,Canada,CA
951,Ephrayim,McVaugh,emcvaughqe,+33 102 349 8841,Annecy,France,FR
952,Georgy,Edghinn,gedghinnqf,+55 956 461 6487,Carmo do Paranaíba,Brazil,BR
953,Stormy,Shanks,sshanksqg,+27 404 756 4301,Dewetsdorp,South Africa,ZA
954,Maurise,Hylton,mhyltonqh,+7 280 966 9420,Tim,Russia,RU
955,Upton,Arnet,uarnetqi,+86 438 518 0743,Miaoxi,China,CN
956,Lynnette,Francescozzi,lfrancescozziqj,+55 892 372 0450,Portel,Brazil,BR
957,Julieta,Slocket,jslocketqk,+7 941 546 5339,Rybnaya Sloboda,Russia,RU
958,Breanne,Leport,bleportql,+86 670 813 3437,Bei’an,China,CN
959,Sarine,Senton,ssentonqm,+86 940 213 1604,Jingling,China,CN
960,Vasilis,Clulow,vclulowqn,+86 363 722 7759,Dagang,China,CN
961,Mattie,Duchant,mduchantqo,+86 504 798 1655,Beizhang,China,CN
962,Trista,Lomasna,tlomasnaqp,+55 172 436 0583,Quixeramobim,Brazil,BR
963,De witt,Middlemist,dmiddlemistqq,+86 676 638 6625,Youguzhuang,China,CN
964,Juline,Francois,jfrancoisqr,+7 684 111 7274,Rumyantsevo,Russia,RU
965,Lynelle,Conybear,lconybearqs,+33 427 992 9606,Courbevoie,France,FR
966,Aleksandr,Guerreau,aguerreauqt,+7 743 221 5125,Novokuz’minki,Russia,RU
967,Edward,Sewter,esewterqu,+86 447 692 2698,Miaoyu,China,CN
968,Pollyanna,Portch,pportchqv,+86 374 992 5915,Heihe,China,CN
969,Dael,Ferrieri,dferrieriqw,+86 179 575 5644,Zhenzhushan,China,CN
970,Oralia,Shalcros,oshalcrosqx,+7 164 670 1735,Ordzhonikidzevskaya,Russia,RU
971,Zitella,Zellick,zzellickqy,+46 772 488 7108,Kalmar,Sweden,SE
972,Car,Dekeyser,cdekeyserqz,+86 743 217 4364,Banqiao,China,CN
973,Darill,Sivil,dsivilr0,+46 844 489 3907,Höllviken,Sweden,SE
974,Marchelle,Websdale,mwebsdaler1,+86 497 820 1369,Fuzhai,China,CN
975,Agustin,Slixby,aslixbyr2,+7 436 367 8328,Slobodskoy,Russia,RU
976,Aaron,Pigford,apigfordr3,+86 645 861 3477,Luotaping,China,CN
977,Michaeline,Jarmyn,mjarmynr4,+86 352 574 3154,Pinghu,China,CN
978,Bernardine,Sickamore,bsickamorer5,+86 596 752 6648,Dongxin,China,CN
979,Kerrin,Satford,ksatfordr6,+1 571 405 1420,Merrifield,United States,US
980,Ritchie,Petroff,rpetroffr7,+86 382 233 2223,Lizhuang,China,CN
981,Noell,Capini,ncapinir8,+86 820 147 3645,Huaqiao,China,CN
982,Kelsey,Hurch,khurchr9,+86 171 279 7820,Yangqiaodian,China,CN
983,Madalena,Loade,mloadera,+86 789 326 7551,Zhangjiaji,China,CN
984,Sascha,Petch,spetchrb,+86 554 424 4671,Buliu,China,CN
985,Katerina,Raincin,kraincinrc,+55 161 801 9267,Pedra Azul,Brazil,BR
986,Sayres,Dionisii,sdionisiird,+55 570 999 7881,Porto União,Brazil,BR
987,Leila,Silveston,lsilvestonre,+86 339 766 1854,Longgang,China,CN
988,Lucien,Taffee,ltaffeerf,+86 109 674 4371,Hehe,China,CN
989,Yuri,Willingale,ywillingalerg,+46 155 278 1918,Hallstavik,Sweden,SE
990,Belinda,Itzhak,bitzhakrh,+33 382 536 8583,Orléans,France,FR
991,Ephrem,Bugbird,ebugbirdri,+86 177 751 5399,Taoyuan,China,CN
992,Lela,Barron,lbarronrj,+7 651 197 2757,Miass,Russia,RU
993,Chico,Dingate,cdingaterk,+86 488 928 3696,Changzhou,China,CN
994,Ashby,Kenington,akeningtonrl,+7 383 560 8259,Kedrovyy,Russia,RU
995,Freedman,Kulis,fkulisrm,+7 824 138 8968,Shagonar,Russia,RU
996,Worden,Cummings,wcummingsrn,+86 512 795 7038,Sanjiang,China,CN
997,Carlita,Jales,cjalesro,+33 526 934 6337,Paris 08,France,FR
998,Cherise,McClory,cmccloryrp,+1 214 508 7592,Dallas,United States,US
999,Dory,Karpeev,dkarpeevrq,+86 780 762 5293,Hengxianhe,China,CN
1000,Devlin,Pick,dpickrr,+86 523 664 6344,Longsha,China,CN
