id;first_name;last_name;Phone_Number;City;Country;Country_Code
1;Abelard;Robertazzi;565-133-3842;Ipaba;Brazil;BR
2;Aili;Scorton;266-483-4300;Quinuabamba;Peru;PE
3;Aldous;Charlet;494-854-7294;Goodlands;Mauritius;MU
4;Aleta;Bellward;824-346-3439;Barbacena;Brazil;BR
5;Alexandra;MacTurlough;410-110-1933;Higuerote;Venezuela;VE
6;Alfie;Fanshawe;453-796-9339;Hidalgo;Mexico;MX
7;Alfreda;Niece;362-162-2672;Verona;Italy;IT
8;Alia;Druitt;589-757-7184;That Phanom;Thailand;TH
9;Alla;Posselt;109-843-3899;Kozyatyn;Ukraine;UA
10;Alvie;Jennings;843-138-2376;Älvsjö;Sweden;SE
11;Amberly;Levine;759-819-6825;Roma;Italy;IT
12;Anastassia;Pitrasso;963-744-5775;Nouvelle France;Mauritius;MU
13;Anatol;Kinchin;727-330-9193;Saint Petersburg;United States;US
14;Anatollo;Dewis;304-503-3502;Chamouny;Mauritius;MU
15;Andeee;Prattington;220-290-6938;Mae Chan;Thailand;TH
16;Andris;McIver;588-924-4575;Toulouse;France;FR
17;Arlena;Ketteman;935-493-2687;Marco;Peru;PE
18;Armando;Cranshaw;924-838-8990;Svislach;Belarus;BY
19;Arnie;Spino;442-419-7405;Kamyanyuki;Belarus;BY
20;Babara;Lammert;189-365-5768;Moneghetti;Monaco;MC
21;Barbara;Potter;186-835-5606;Nigel;South Africa;ZA
22;Barnard;Sancto;678-927-5753;Castellon De La Plana/Castello De La Pla;Spain;ES
23;Baron;Trengove;228-621-8387;Kurume;Japan;JP
24;Barr;Wardrope;335-689-2758;Lebane;Serbia;RS
25;Bell;Pennrington;584-688-0969;Mujaes;Portugal;PT
26;Benedicta;Beever;582-977-5618;Kajiki;Japan;JP
27;Berthe;Entwisle;680-131-6050;Shibata;Japan;JP
28;Betsey;Surmeir;738-351-8187;Al Jawf;Libya;LY
29;Beverley;Donoher;841-782-1687;Alameda;Mexico;MX
30;Bibi;Lepard;515-438-7578;Kozyatyn;Ukraine;UA
31;Bobby;Bariball;800-559-9875;Telagasari;Indonesia;ID
32;Bobbye;Corry;275-358-4570;Sydney;Australia;AU
33;Bondie;Pippin;638-509-9221;Roissy Charles-de-Gaulle;France;FR
34;Brandise;Michelin;355-384-9489;Catania;Italy;IT
35;Brigida;Gibson;336-875-3400;Lypova Dolyna;Ukraine;UA
36;Brittany;Punton;323-903-3368;Los Angeles;United States;US
37;Brunhilda;O'Dowling;176-593-5831;Kayan Hulu;Indonesia;ID
38;Burr;Bausmann;663-953-5782;Bristol;United Kingdom;GB
39;Cal;Risbie;337-830-1713;Bourg-lès-Valence;France;FR
40;Camilla;Ogbourne;912-299-6700;Gakovo;Serbia;RS
41;Carlie;O' Dornan;229-725-3466;Perth;Australia;AU
42;Carol;Joynson;717-253-0363;Benito Juarez;Mexico;MX
43;Carry;McCloud;662-740-3967;Sharkawshchyna;Belarus;BY
44;Carver;McKinstry;219-840-9406;Grande Rivière Noire;Mauritius;MU
45;Cass;Canada;583-762-1452;Palma De Mallorca;Spain;ES
46;Caterina;Rowell;730-142-4348;Jiangxiangzhen;China;CN
47;Cecil;Tybalt;229-364-7553;Renfengzhuang;China;CN
48;Cele;Ranald;799-472-2500;Smederevo;Serbia;RS
49;Celinda;Breukelman;511-470-7047;Latacunga;Ecuador;EC
50;Chadd;Linge;370-961-2600;Caigongzhuang;China;CN
51;Charo;Muckle;155-160-1079;Bledzew;Poland;PL
52;Chaunce;Spinello;792-599-9644;Lebane;Serbia;RS
53;Cherin;Wheatley;887-245-0133;Mazongshan;China;CN
54;Chicky;Jakucewicz;298-579-9353;Bailadores;Venezuela;VE
55;Ciel;Hessle;515-281-5355;Cayna;Peru;PE
56;Cinda;Aldhous;466-167-2519;Bor;Serbia;RS
57;Cinderella;Laird;905-622-2867;Gaspar;Brazil;BR
58;Clarence;Sola;131-886-7492;Roma;Italy;IT
59;Clay;Byrd;431-984-6269;El Porvenir;Mexico;MX
60;Cobby;Leasor;213-920-8079;Klichaw;Belarus;BY
61;Colet;Ivantsov;491-113-2044;Manchester;United Kingdom;GB
62;Colin;Lain;644-438-7618;Uspenskoye;Russia;RU
63;Collen;Jewiss;613-287-5545;Zhyrovichy;Belarus;BY
64;Colline;Eaglesham;490-991-9404;Loja;Ecuador;EC
65;Coop;Robke;593-920-7527;Kugluktuk;Canada;CA
66;Corilla;Jebb;198-897-6410;Nueva Fuerza;Philippines;PH
67;Crichton;Paxeford;250-310-8744;Valky;Ukraine;UA
68;Cristionna;Aguilar;518-534-3206;Schenectady;United States;US
69;Cymbre;Miklem;442-686-6238;La Condamine;Monaco;MC
70;Dagny;Morena;563-289-9587;Veyno;Belarus;BY
71;Dallis;Eltone;589-214-5113;Fontvieille;Monaco;MC
72;Damiano;Heistermann;555-498-4315;Kikuchi;Japan;JP
73;Darice;Niessen;637-172-7017;Rennes;France;FR
74;Dav;Dinnis;928-845-6925;Sadar Bazar;India;IN
75;Davita;Yakushkev;175-905-7431;Hatogaya-honchō;Japan;JP
76;Dee;Woliter;759-525-3942;Murzuq;Libya;LY
77;Deena;Axford;296-952-1766;Quatá;Brazil;BR
78;Delainey;Edgehill;925-727-7119;Novoanninskiy;Russia;RU
79;Deva;Atyea;163-994-7160;Nogent-sur-Marne;France;FR
80;Dionisio;de Broke;619-360-7304;Chamouny;Mauritius;MU
81;Dionysus;Jancey;897-915-8539;Agraharam;India;IN
82;Dominica;Treherne;592-846-8565;Lorient;France;FR
83;Dominique;Boyen;138-415-2336;Örebro;Sweden;SE
84;Donalt;Whall;439-991-9540;Laholm;Sweden;SE
85;Dorolice;Ryde;374-828-7796;La Condamine;Monaco;MC
86;Duffie;Lydall;782-992-8083;Xiaxindian;China;CN
87;Dulcie;Balogh;687-935-2908;R S;India;IN
88;Eartha;Le Blond;422-684-9714;Lebane;Serbia;RS
89;Edee;Ferns;738-829-5068;Tarhuna;Libya;LY
90;Eilis;Whife;454-657-6693;Nago;Japan;JP
91;Elden;Balcock;594-304-3430;Launceston;Australia;AU
92;Elisabeth;Frude;296-202-9109;Klaeng;Thailand;TH
93;Elke;Doddridge;395-487-8920;Huallanca;Peru;PE
94;Ellissa;Dockery;643-649-9695;Miguel Hidalgo;Mexico;MX
95;Elset;Bibbie;777-509-6220;Limoeiro do Norte;Brazil;BR
96;Elsie;Wyldbore;877-891-5061;Kimitsu;Japan;JP
97;Elston;Coneau;146-489-9135;Bledzew;Poland;PL
98;Ely;Syrie;740-186-6877;Torino;Italy;IT
99;Emerson;Howton;516-751-5177;Ejido;Venezuela;VE
100;Enid;Spare;922-887-7566;Norsborg;Sweden;SE
101;Enos;Looker;520-573-7281;Yuzawa;Japan;JP
102;Eolande;Clouston;766-674-1892;Roma;Italy;IT
103;Erasmus;Vear;325-814-2483;Venustiano Carranza;Mexico;MX
104;Erick;Pechold;330-661-0968;Akron;United States;US
105;Evelyn;Fairpool;377-977-3232;Lazaro Cardenas;Mexico;MX
106;Faith;Norridge;433-758-3526;Bal’shavik;Belarus;BY
107;Fanny;Gherardini;200-677-2309;Karangsari;Indonesia;ID
108;Ferdinande;Postians;806-260-3133;Loja;Ecuador;EC
109;Forrester;Rodear;830-919-1019;Barberton;South Africa;ZA
110;Francis;Camois;487-479-4795;Kingston;United Kingdom;GB
111;Franni;Dumphry;818-431-9574;Leiria;Portugal;PT
112;Frederich;McCahey;627-409-5409;Ajdabiya;Libya;LY
113;Gabi;Lackney;788-434-4911;Medianeira;Brazil;BR
114;Gabie;Patek;807-475-1127;Doibang;Indonesia;ID
115;Gael;Mustoo;989-878-6420;Eaton;United Kingdom;GB
116;Gage;Netting;514-677-1651;Lombog;Philippines;PH
117;Garreth;Setch;426-703-6806;Manggekompo;Indonesia;ID
118;Genevra;Hawney;296-205-0043;San Isidro;Mexico;MX
119;Georg;Chatwood;813-442-2706;Grängesberg;Sweden;SE
120;Georgie;Fullalove;595-583-5184;Burnside;United Kingdom;GB
121;Germana;Pikett;208-410-2479;Nizhniy Tagil;Russia;RU
122;Gert;Bow;678-201-1188;Baisha;China;CN
123;Gilda;Chamberlayne;821-806-5843;Monte-Carlo;Monaco;MC
124;Ginger;Rodell;132-984-2903;Parychy;Belarus;BY
125;Giorgia;Millett;803-612-2286;Soeng Sang;Thailand;TH
126;Giustina;Beavis;582-267-2591;Jianchang;China;CN
127;Glynnis;Frenzel;991-890-2274;Iksha;Russia;RU
128;Goraud;Horrod;164-785-9137;Évry;France;FR
129;Grace;Taylorson;300-159-1434;Xiluo;China;CN
130;Guilbert;MacGown;622-192-7678;Preston;United Kingdom;GB
131;Guinevere;Trevear;817-280-7817;Camrose;Canada;CA
132;Gunilla;Pettit;910-775-5521;Pincher Creek;Canada;CA
133;Hally;Burgwin;387-788-1020;Centre de Flacq;Mauritius;MU
134;Hanan;De Zuani;276-486-5128;São Gotardo;Brazil;BR
135;Hanan;Pates;157-696-7885;Lewisporte;Canada;CA
136;Haydon;Valentin;734-515-4586;La Libertad;Ecuador;EC
137;Heidi;Klugman;196-360-3113;Port Moody;Canada;CA
138;Herminia;Gostling;410-947-4652;Dake;China;CN
139;Herrick;Malkinson;542-387-1032;El Alto;Peru;PE
140;Hewie;Martignoni;113-733-6222;Michałowice;Poland;PL
141;Hildy;Dickings;253-541-3875;Perth;Australia;AU
142;Hillary;Brampton;974-793-8155;Shigu;China;CN
143;Hinda;Aynsley;611-420-5077;Unity;Canada;CA
144;Hyacinth;Newiss;113-726-9635;Logroio;Spain;ES
145;Iain;Lonnon;158-147-2741;San Juan de los Morros;Venezuela;VE
146;Ibrahim;Zavattero;128-976-6940;Grande Rivière Noire;Mauritius;MU
147;Irma;Lowcock;482-274-3900;Playas;Ecuador;EC
148;Isadora;Nusche;930-240-9425;Challans;France;FR
149;Isidore;O'Carney;905-326-5022;Sam Khok;Thailand;TH
150;Ivette;Toop;987-679-7662;Monte-Carlo;Monaco;MC
151;Jacob;Shapcote;638-313-3611;Gråbo;Sweden;SE
152;Jacquenetta;Moneypenny;118-187-4877;Krasnyy Oktyabra;Russia;RU
153;Jade;Mellmoth;938-440-3927;Liverpool;United Kingdom;GB
154;Jamison;Halworth;137-287-3182;Murzuq;Libya;LY
155;Jandy;Simonelli;248-364-3645;Grand Bois;Mauritius;MU
156;Janek;Leward;435-523-2679;Ermelo;South Africa;ZA
157;Jeanie;Poon;163-633-7625;Al Jawf;Libya;LY
158;Jessica;Nussii;872-992-2716;Sadar Bazar;India;IN
159;Jilleen;Grigs;304-643-6620;Huntington;United States;US
160;Jo ann;Mattiello;999-307-4216;Murzuq;Libya;LY
161;Jocelyne;Armell;865-565-2965;Valerianovsk;Russia;RU
162;Jolene;D'eye;175-709-0644;Táriba;Venezuela;VE
163;Jorge;Merigeau;139-634-0511;Carleton-sur-Mer;Canada;CA
164;Joya;Lourens;492-944-3593;Bilad;Philippines;PH
165;Judy;Tame;895-437-2750;Samburat;Indonesia;ID
166;Justinian;Harkins;471-247-9526;Bielawa;Poland;PL
167;Kara;Collimore;907-442-0413;Perlez;Serbia;RS
168;Karita;Aldus;900-713-1294;San Jose;Philippines;PH
169;Karon;Elcombe;705-760-3950;Libode;South Africa;ZA
170;Katharyn;Tappin;303-675-1069;Badajoz;Spain;ES
171;Kelcie;Nowaczyk;194-491-1810;Göteborg;Sweden;SE
172;Kelcy;Gumm;637-974-1345;Cherëmukhovo;Russia;RU
173;Kennedy;Missington;160-234-2669;Wolmaransstad;South Africa;ZA
174;Kev;Babcock;913-144-7021;San Diego;Venezuela;VE
175;Kinny;Woffinden;510-718-7258;Richmond;United States;US
176;Korney;Dyos;795-698-1006;Horton;United Kingdom;GB
177;Krisha;Haylands;940-799-7045;Cayambe;Ecuador;EC
178;Kylie;Islep;344-370-1039;Morelos;Mexico;MX
179;Lawry;Bendel;264-106-4407;Valky;Ukraine;UA
180;Letizia;Tremayle;703-868-8661;Voronkov;Ukraine;UA
181;Lewiss;Semper;916-313-4164;Tuntum;Brazil;BR
182;Lilyan;Desbrow;307-879-6468;Fontvieille;Monaco;MC
183;Linoel;Baldazzi;564-251-8908;Calvinia;South Africa;ZA
184;Linoel;MacLardie;971-535-6391;Madrid;Spain;ES
185;Lissa;Bapty;202-680-7686;Zhyrovichy;Belarus;BY
186;Lizzie;Tumioto;163-283-2474;Atap;Indonesia;ID
187;Llywellyn;Macauley;409-791-0989;Golubac;Serbia;RS
188;Lothaire;Gronow;513-980-2974;Porto de Mas;Portugal;PT
189;Lotte;Penman;499-902-4633;Sadar Bazar;India;IN
190;Lurette;Kelcey;673-910-9299;Bielawa;Poland;PL
191;Lutero;Kienzle;947-317-2275;Santa Ana;Venezuela;VE
192;Ly;Hakewell;586-337-4840;Llusco;Peru;PE
193;Madelena;Lynas;912-635-3132;Savannah;United States;US
194;Malvina;Methley;812-831-5505;Ourense;Spain;ES
195;Manuel;Cauley;175-405-2928;Quintino;Portugal;PT
196;Marcel;Clemence;269-732-3738;Estrada;Portugal;PT
197;Margaux;Stollenhof;201-647-7991;Palermo;Italy;IT
198;Mariann;Fancutt;689-649-5851;Bielawa;Poland;PL
199;Marion;Stang-Gjertsen;979-820-6280;La Reforma;Mexico;MX
200;Marney;Meir;790-785-9311;Sadar Bazar;India;IN
201;Marney;Ballinger;838-837-0763;La Condamine;Monaco;MC
202;Maryann;Routh;316-128-0755;Namie;Japan;JP
203;Maryl;Arnull;974-284-1253;Biaay Baor;Poland;PL
204;Matilda;Palumbo;314-139-7532;Piquete;Brazil;BR
205;Maura;Phizaclea;359-881-0603;Al Jawf;Libya;LY
206;Merci;Borgesio;423-766-9430;Johnson City;United States;US
207;Minetta;Betts;795-897-1238;Sydney;Australia;AU
208;Minni;Albrook;661-738-8372;Sydney;Australia;AU
209;Mitch;Bradwell;740-985-3391;Dagohoy;Philippines;PH
210;Mitchell;Bonsall;168-339-3168;Alburitel;Portugal;PT
211;Mona;Gayne;320-870-1752;Livorno;Italy;IT
212;Mozelle;Joslin;618-747-5565;Liverpool;United Kingdom;GB
213;Mufi;Rawet;437-813-0598;Aleksandrovka;Ukraine;UA
214;Murdock;Epsly;324-675-0118;Piet Retief;South Africa;ZA
215;Myer;Baggelley;447-559-9161;Amnat Charoen;Thailand;TH
216;Nealy;Yelden;936-961-1302;Bang Krathum;Thailand;TH
217;Nickolaus;Yurshev;368-418-2842;Pires do Rio;Brazil;BR
218;Nikolia;Soeiro;908-298-4383;Torino;Italy;IT
219;Novelia;Denisyuk;868-321-9527;Lam Plai Mat;Thailand;TH
220;Ode;Collishaw;462-587-0154;Panalanoy;Philippines;PH
221;Olga;Pitkaithly;463-215-8284;Loja;Ecuador;EC
222;Olin;Wavish;985-530-2816;Sydney South;Australia;AU
223;Ortensia;Aicken;396-898-2931;La Condamine;Monaco;MC
224;Osmund;Tarbath;217-686-9291;Ashton;South Africa;ZA
225;Palmer;McKerlie;210-425-3614;Tymbark;Poland;PL
226;Pascal;Petrenko;877-540-3964;R S;India;IN
227;Payton;Rontsch;692-170-4606;Sydney;Australia;AU
228;Perry;Gyver;296-953-7301;Totoral;Peru;PE
229;Peyter;Fox;669-972-7040;Palmasola;Venezuela;VE
230;Phillida;Mourgue;513-340-1572;Port Moody;Canada;CA
231;Pollyanna;Dinnies;120-434-6845;Kanoya;Japan;JP
232;Prince;Cockton;410-379-6244;Adelaide Mail Centre;Australia;AU
233;Rachelle;Gallear;629-413-5432;Natakoli;Indonesia;ID
234;Rafaela;Pietrasik;736-351-1004;Sheffield;United Kingdom;GB
235;Raimundo;Castellani;564-891-2671;Babahoyo;Ecuador;EC
236;Raleigh;Palumbo;520-711-5935;Pejukutan;Indonesia;ID
237;Ralf;Stallion;302-990-5225;R S;India;IN
238;Raphael;Desforges;606-125-5995;Al Jawf;Libya;LY
239;Rebecca;Tavener;930-114-9479;Domaradz;Poland;PL
240;Reilly;Feltham;510-371-3047;Siyabuswa;South Africa;ZA
241;Renelle;Flacke;181-133-8434;Novokizhinginsk;Russia;RU
242;Reynolds;Boylan;863-969-8411;Malaga;Spain;ES
243;Richy;Geoghegan;846-614-2494;Lyon;France;FR
244;Robbin;Conti;615-237-7805;Nashville;United States;US
245;Robina;Eddy;138-911-6013;Curpahuasi;Peru;PE
246;Rodrick;Redwood;461-285-9470;Pamplona/Iruna;Spain;ES
247;Roger;Lippitt;740-703-6104;Paris 08;France;FR
248;Ronny;Ivanilov;424-964-9110;Lok;Serbia;RS
249;Ryley;Klezmski;526-693-0978;Grand Bank;Canada;CA
250;Sal;Eddington;387-176-4790;Huaquillas;Ecuador;EC
251;Sallie;Heaseman;598-999-3914;Suphan Buri;Thailand;TH
252;Salmon;Pipworth;968-953-9479;Vylkove;Ukraine;UA
253;Sam;Finders;962-673-0018;Adelaide Mail Centre;Australia;AU
254;Sandra;Cadigan;724-793-9360;R S;India;IN
255;Sargent;Wilber;901-879-6612;Valencia;Spain;ES
256;Sasha;Emblow;440-981-5421;Smederevska Palanka;Serbia;RS
257;Sax;Harrold;760-867-5712;Dubno;Ukraine;UA
258;Seymour;Carass;773-818-0893;Landskrona;Sweden;SE
259;Shaine;Cantu;795-349-3577;Stockholm;Sweden;SE
260;Shanan;Poytheras;784-483-4294;Bielawa;Poland;PL
261;Shay;Mackerel;736-360-7408;Kakamas;South Africa;ZA
262;Shayna;Fears;438-495-7652;Bamban;Philippines;PH
263;Shurlocke;Ciubutaro;420-152-7588;R S;India;IN
264;Sibilla;Troake;915-212-9652;Salerno;Italy;IT
265;Skippy;Kilduff;565-381-1840;Chernoyerkovskaya;Russia;RU
266;Sky;Ferronier;329-303-1808;Marco;Peru;PE
267;Stacia;Guyers;837-502-8682;Petit Raffray;Mauritius;MU
268;Starr;Pole;174-312-7516;Romblon;Philippines;PH
269;Stefano;Blencoe;572-955-2748;Mosteiro;Portugal;PT
270;Tabbi;Cowdry;508-104-8858;Casigua El Cubo;Venezuela;VE
271;Tades;Dinneen;730-600-9212;Tyresö;Sweden;SE
272;Tades;Siggins;588-409-9811;Fornos;Portugal;PT
273;Tadio;Marquiss;480-130-4201;Centre de Flacq;Mauritius;MU
274;Teodorico;Gheeorghie;485-813-2749;Marco;Peru;PE
275;Teresina;Oloshkin;758-877-1012;Girona;Spain;ES
276;Terrie;Verbrugge;135-404-7689;Erada;Portugal;PT
277;Theodore;Toulson;995-786-5367;Madalena;Portugal;PT
278;Thom;Le Fevre;538-889-2777;Muara Dua;Indonesia;ID
279;Tilda;Ceresa;604-309-3140;La Condamine;Monaco;MC
280;Tobit;McRamsey;507-530-5855;Kozyatyn;Ukraine;UA
281;Toma;Aspinall;334-184-9079;Ranao;Philippines;PH
282;Towny;Wimmer;347-927-4151;Montecristi;Ecuador;EC
283;Tyne;Searson;470-604-7227;Olginka;Russia;RU
284;Waly;Saltsberg;389-914-8697;Sabang;Philippines;PH
285;Web;Bertin;549-408-7806;El Cantón;Venezuela;VE
286;Willy;Newlove;723-511-9895;Langenburg;Canada;CA
287;Winny;Kuscha;915-454-0331;El Paso;United States;US
288;Yard;Edmead;990-823-5250;Murzuq;Libya;LY
289;Yorker;Guidini;360-260-8748;Kabin Buri;Thailand;TH
290;Zared;Lavin;788-913-9658;Minsk;Belarus;BY
